date,State,expenditure
1988-09-01,New South Wales,6.9
1988-12-01,New South Wales,7.8
1989-03-01,New South Wales,3.5
1989-06-01,New South Wales,4.0
1989-09-01,New South Wales,2.4
1989-12-01,New South Wales,2.4
1990-03-01,New South Wales,2.2
1990-06-01,New South Wales,3.1
1990-09-01,New South Wales,1.9
1990-12-01,New South Wales,2.6
1991-03-01,New South Wales,2.7
1991-06-01,New South Wales,3.1
1991-09-01,New South Wales,4.1
1991-12-01,New South Wales,5.0
1992-03-01,New South Wales,3.6
1992-06-01,New South Wales,3.4
1992-09-01,New South Wales,3.1
1992-12-01,New South Wales,3.7
1993-03-01,New South Wales,2.3
1993-06-01,New South Wales,3.9
1993-09-01,New South Wales,3.7
1993-12-01,New South Wales,6.5
1994-03-01,New South Wales,6.3
1994-06-01,New South Wales,11.0
1994-09-01,New South Wales,9.0
1994-12-01,New South Wales,9.4
1995-03-01,New South Wales,10.3
1995-06-01,New South Wales,12.9
1995-09-01,New South Wales,10.9
1995-12-01,New South Wales,7.8
1996-03-01,New South Wales,6.8
1996-06-01,New South Wales,9.2
1996-09-01,New South Wales,8.2
1996-12-01,New South Wales,8.7
1997-03-01,New South Wales,10.4
1997-06-01,New South Wales,12.8
1997-09-01,New South Wales,9.5
1997-12-01,New South Wales,9.2
1998-03-01,New South Wales,8.1
1998-06-01,New South Wales,5.0
1998-09-01,New South Wales,4.6
1998-12-01,New South Wales,6.5
1999-03-01,New South Wales,6.8
1999-06-01,New South Wales,5.2
1999-09-01,New South Wales,3.6
1999-12-01,New South Wales,3.5
2000-03-01,New South Wales,3.0
2000-06-01,New South Wales,4.2
2000-09-01,New South Wales,4.0
2000-12-01,New South Wales,3.4
2001-03-01,New South Wales,4.3
2001-06-01,New South Wales,4.6
2001-09-01,New South Wales,4.6
2001-12-01,New South Wales,3.4
2002-03-01,New South Wales,3.9
2002-06-01,New South Wales,3.9
2002-09-01,New South Wales,4.1
2002-12-01,New South Wales,4.5
2003-03-01,New South Wales,5.3
2003-06-01,New South Wales,6.0
2003-09-01,New South Wales,4.4
2003-12-01,New South Wales,5.5
2004-03-01,New South Wales,4.8
2004-06-01,New South Wales,5.8
2004-09-01,New South Wales,7.6
2004-12-01,New South Wales,6.3
2005-03-01,New South Wales,4.7
2005-06-01,New South Wales,6.2
2005-09-01,New South Wales,5.7
2005-12-01,New South Wales,5.3
2006-03-01,New South Wales,4.7
2006-06-01,New South Wales,6.6
2006-09-01,New South Wales,4.5
2006-12-01,New South Wales,6.1
2007-03-01,New South Wales,5.3
2007-06-01,New South Wales,6.8
2007-09-01,New South Wales,7.3
2007-12-01,New South Wales,8.9
2008-03-01,New South Wales,9.5
2008-06-01,New South Wales,11.5
2008-09-01,New South Wales,5.9
2008-12-01,New South Wales,6.3
2009-03-01,New South Wales,3.3
2009-06-01,New South Wales,5.9
2009-09-01,New South Wales,16.0
2009-12-01,New South Wales,8.2
2010-03-01,New South Wales,12.2
2010-06-01,New South Wales,12.5
2010-09-01,New South Wales,12.0
2010-12-01,New South Wales,12.1
2011-03-01,New South Wales,8.3
2011-06-01,New South Wales,10.9
2011-09-01,New South Wales,10.2
2011-12-01,New South Wales,10.9
2012-03-01,New South Wales,10.279194630872482
2012-06-01,New South Wales,15.2
2012-09-01,New South Wales,9.7
2012-12-01,New South Wales,5.5
2013-03-01,New South Wales,8.8
2013-06-01,New South Wales,12.8
2013-09-01,New South Wales,6.3
2013-12-01,New South Wales,7.6
2014-03-01,New South Wales,6.6
2014-06-01,New South Wales,5.1
2014-09-01,New South Wales,7.9
2014-12-01,New South Wales,6.9
2015-03-01,New South Wales,4.7
2015-06-01,New South Wales,4.0
2015-09-01,New South Wales,5.1
2015-12-01,New South Wales,3.9
2016-03-01,New South Wales,4.0
2016-06-01,New South Wales,7.2
2016-09-01,New South Wales,10.9
2016-12-01,New South Wales,11.4
2017-03-01,New South Wales,11.6
2017-06-01,New South Wales,12.4
2017-09-01,New South Wales,8.6
2017-12-01,New South Wales,8.8
2018-03-01,New South Wales,8.9
2018-06-01,New South Wales,8.8
2018-09-01,New South Wales,14.7
2018-12-01,New South Wales,13.7
2019-03-01,New South Wales,13.8
2019-06-01,New South Wales,21.5
2019-09-01,New South Wales,26.1
2019-12-01,New South Wales,33.1
2020-03-01,New South Wales,27.3
2020-06-01,New South Wales,28.9
2020-09-01,New South Wales,23.6
2020-12-01,New South Wales,28.0
2021-03-01,New South Wales,28.7
2021-06-01,New South Wales,34.4
2021-09-01,New South Wales,28.6
2021-12-01,New South Wales,27.4
2022-03-01,New South Wales,29.9
2022-06-01,New South Wales,28.4
2022-09-01,New South Wales,22.7
2022-12-01,New South Wales,19.8
2023-03-01,New South Wales,17.9
2023-06-01,New South Wales,28.5
2023-09-01,New South Wales,25.5
2023-12-01,New South Wales,32.1
2024-03-01,New South Wales,30.6
2024-06-01,New South Wales,28.2
2024-09-01,New South Wales,14.6
2024-12-01,New South Wales,14.4
2025-03-01,New South Wales,17.9
2025-06-01,New South Wales,17.5
2025-09-01,New South Wales,23.1
2025-12-01,New South Wales,29.0
,New South Wales,10.279194630872482
1988-09-01,Victoria,4.5
1988-12-01,Victoria,4.8
1989-03-01,Victoria,2.2
1989-06-01,Victoria,4.1
1989-09-01,Victoria,4.4
1989-12-01,Victoria,5.3
1990-03-01,Victoria,3.4
1990-06-01,Victoria,3.4
1990-09-01,Victoria,1.4
1990-12-01,Victoria,1.6
1991-03-01,Victoria,1.6
1991-06-01,Victoria,2.3
1991-09-01,Victoria,2.0
1991-12-01,Victoria,1.8
1992-03-01,Victoria,1.9
1992-06-01,Victoria,1.5
1992-09-01,Victoria,1.0
1992-12-01,Victoria,1.9
1993-03-01,Victoria,1.6
1993-06-01,Victoria,2.3
1993-09-01,Victoria,3.0
1993-12-01,Victoria,3.7
1994-03-01,Victoria,4.3
1994-06-01,Victoria,5.0
1994-09-01,Victoria,5.4
1994-12-01,Victoria,4.6
1995-03-01,Victoria,6.6
1995-06-01,Victoria,5.8
1995-09-01,Victoria,5.7
1995-12-01,Victoria,8.3
1996-03-01,Victoria,7.2
1996-06-01,Victoria,8.2
1996-09-01,Victoria,7.0
1996-12-01,Victoria,6.7
1997-03-01,Victoria,7.5
1997-06-01,Victoria,10.0
1997-09-01,Victoria,11.866901408450705
1997-12-01,Victoria,11.866901408450705
1998-03-01,Victoria,8.9
1998-06-01,Victoria,8.4
1998-09-01,Victoria,5.9
1998-12-01,Victoria,6.7
1999-03-01,Victoria,7.9
1999-06-01,Victoria,5.7
1999-09-01,Victoria,6.8
1999-12-01,Victoria,5.8
2000-03-01,Victoria,5.7
2000-06-01,Victoria,7.6
2000-09-01,Victoria,7.7
2000-12-01,Victoria,6.0
2001-03-01,Victoria,6.2
2001-06-01,Victoria,5.7
2001-09-01,Victoria,4.7
2001-12-01,Victoria,4.4
2002-03-01,Victoria,6.6
2002-06-01,Victoria,8.5
2002-09-01,Victoria,8.8
2002-12-01,Victoria,7.7
2003-03-01,Victoria,10.4
2003-06-01,Victoria,11.866901408450705
2003-09-01,Victoria,9.3
2003-12-01,Victoria,7.6
2004-03-01,Victoria,15.2
2004-06-01,Victoria,10.0
2004-09-01,Victoria,11.1
2004-12-01,Victoria,6.1
2005-03-01,Victoria,9.7
2005-06-01,Victoria,10.3
2005-09-01,Victoria,11.7
2005-12-01,Victoria,13.5
2006-03-01,Victoria,13.5
2006-06-01,Victoria,15.0
2006-09-01,Victoria,13.3
2006-12-01,Victoria,18.2
2007-03-01,Victoria,14.0
2007-06-01,Victoria,15.9
2007-09-01,Victoria,11.8
2007-12-01,Victoria,14.2
2008-03-01,Victoria,16.6
2008-06-01,Victoria,20.4
2008-09-01,Victoria,14.9
2008-12-01,Victoria,14.4
2009-03-01,Victoria,7.5
2009-06-01,Victoria,6.5
2009-09-01,Victoria,11.6
2009-12-01,Victoria,18.3
2010-03-01,Victoria,17.5
2010-06-01,Victoria,15.8
2010-09-01,Victoria,11.1
2010-12-01,Victoria,9.1
2011-03-01,Victoria,8.4
2011-06-01,Victoria,11.9
2011-09-01,Victoria,8.6
2011-12-01,Victoria,5.5
2012-03-01,Victoria,4.9
2012-06-01,Victoria,6.7
2012-09-01,Victoria,4.7
2012-12-01,Victoria,5.1
2013-03-01,Victoria,5.2
2013-06-01,Victoria,4.5
2013-09-01,Victoria,4.0
2013-12-01,Victoria,4.6
2014-03-01,Victoria,2.3
2014-06-01,Victoria,4.1
2014-09-01,Victoria,1.9
2014-12-01,Victoria,3.0
2015-03-01,Victoria,11.866901408450705
2015-06-01,Victoria,11.866901408450705
2015-09-01,Victoria,11.866901408450705
2015-12-01,Victoria,11.866901408450705
2016-03-01,Victoria,11.866901408450705
2016-06-01,Victoria,5.6
2016-09-01,Victoria,6.5
2016-12-01,Victoria,6.7
2017-03-01,Victoria,9.6
2017-06-01,Victoria,11.8
2017-09-01,Victoria,14.4
2017-12-01,Victoria,9.5
2018-03-01,Victoria,13.3
2018-06-01,Victoria,17.8
2018-09-01,Victoria,17.0
2018-12-01,Victoria,22.9
2019-03-01,Victoria,20.9
2019-06-01,Victoria,21.5
2019-09-01,Victoria,22.6
2019-12-01,Victoria,28.3
2020-03-01,Victoria,29.1
2020-06-01,Victoria,31.8
2020-09-01,Victoria,26.5
2020-12-01,Victoria,37.2
2021-03-01,Victoria,43.9
2021-06-01,Victoria,45.7
2021-09-01,Victoria,40.1
2021-12-01,Victoria,43.4
2022-03-01,Victoria,43.4
2022-06-01,Victoria,39.2
2022-09-01,Victoria,30.5
2022-12-01,Victoria,28.8
2023-03-01,Victoria,31.0
2023-06-01,Victoria,25.7
2023-09-01,Victoria,20.4
2023-12-01,Victoria,17.0
2024-03-01,Victoria,21.3
2024-06-01,Victoria,22.8
2024-09-01,Victoria,13.8
2024-12-01,Victoria,15.3
2025-03-01,Victoria,18.7
2025-06-01,Victoria,24.2
2025-09-01,Victoria,18.1
2025-12-01,Victoria,21.2
,Victoria,11.866901408450705
1988-09-01,Queensland,23.4
1988-12-01,Queensland,22.5
1989-03-01,Queensland,18.0
1989-06-01,Queensland,18.5
1989-09-01,Queensland,17.2
1989-12-01,Queensland,19.2
1990-03-01,Queensland,10.9
1990-06-01,Queensland,12.1
1990-09-01,Queensland,11.8
1990-12-01,Queensland,15.2
1991-03-01,Queensland,8.8
1991-06-01,Queensland,10.6
1991-09-01,Queensland,10.2
1991-12-01,Queensland,10.3
1992-03-01,Queensland,7.4
1992-06-01,Queensland,9.5
1992-09-01,Queensland,8.6
1992-12-01,Queensland,10.8
1993-03-01,Queensland,7.3
1993-06-01,Queensland,9.1
1993-09-01,Queensland,10.4
1993-12-01,Queensland,13.1
1994-03-01,Queensland,10.6
1994-06-01,Queensland,14.0
1994-09-01,Queensland,14.5
1994-12-01,Queensland,19.3
1995-03-01,Queensland,9.6
1995-06-01,Queensland,16.4
1995-09-01,Queensland,13.5
1995-12-01,Queensland,12.3
1996-03-01,Queensland,11.2
1996-06-01,Queensland,14.8
1996-09-01,Queensland,10.9
1996-12-01,Queensland,14.7
1997-03-01,Queensland,8.2
1997-06-01,Queensland,15.9
1997-09-01,Queensland,13.0
1997-12-01,Queensland,15.1
1998-03-01,Queensland,7.4
1998-06-01,Queensland,9.4
1998-09-01,Queensland,9.7
1998-12-01,Queensland,10.1
1999-03-01,Queensland,7.3
1999-06-01,Queensland,9.4
1999-09-01,Queensland,6.7
1999-12-01,Queensland,7.1
2000-03-01,Queensland,7.0
2000-06-01,Queensland,7.5
2000-09-01,Queensland,5.7
2000-12-01,Queensland,5.8
2001-03-01,Queensland,4.9
2001-06-01,Queensland,4.6
2001-09-01,Queensland,4.3
2001-12-01,Queensland,6.4
2002-03-01,Queensland,4.8
2002-06-01,Queensland,6.3
2002-09-01,Queensland,4.8
2002-12-01,Queensland,6.5
2003-03-01,Queensland,5.8
2003-06-01,Queensland,7.2
2003-09-01,Queensland,5.8
2003-12-01,Queensland,6.5
2004-03-01,Queensland,5.6
2004-06-01,Queensland,8.1
2004-09-01,Queensland,8.7
2004-12-01,Queensland,8.1
2005-03-01,Queensland,6.1
2005-06-01,Queensland,9.4
2005-09-01,Queensland,8.1
2005-12-01,Queensland,9.2
2006-03-01,Queensland,7.8
2006-06-01,Queensland,8.7
2006-09-01,Queensland,8.1
2006-12-01,Queensland,9.6
2007-03-01,Queensland,8.2
2007-06-01,Queensland,12.1
2007-09-01,Queensland,10.4
2007-12-01,Queensland,12.3
2008-03-01,Queensland,7.5
2008-06-01,Queensland,17.8
2008-09-01,Queensland,13.6
2008-12-01,Queensland,10.3
2009-03-01,Queensland,7.9
2009-06-01,Queensland,7.1
2009-09-01,Queensland,11.9
2009-12-01,Queensland,14.3
2010-03-01,Queensland,8.3
2010-06-01,Queensland,11.3
2010-09-01,Queensland,12.1
2010-12-01,Queensland,13.0
2011-03-01,Queensland,6.7
2011-06-01,Queensland,12.6
2011-09-01,Queensland,12.9
2011-12-01,Queensland,14.3
2012-03-01,Queensland,12.939864864864864
2012-06-01,Queensland,12.939864864864864
2012-09-01,Queensland,16.8
2012-12-01,Queensland,26.3
2013-03-01,Queensland,15.7
2013-06-01,Queensland,15.8
2013-09-01,Queensland,17.4
2013-12-01,Queensland,19.1
2014-03-01,Queensland,9.4
2014-06-01,Queensland,15.0
2014-09-01,Queensland,7.6
2014-12-01,Queensland,18.1
2015-03-01,Queensland,8.0
2015-06-01,Queensland,9.6
2015-09-01,Queensland,11.9
2015-12-01,Queensland,12.5
2016-03-01,Queensland,9.7
2016-06-01,Queensland,12.9
2016-09-01,Queensland,12.1
2016-12-01,Queensland,16.7
2017-03-01,Queensland,9.1
2017-06-01,Queensland,13.1
2017-09-01,Queensland,16.3
2017-12-01,Queensland,19.9
2018-03-01,Queensland,12.5
2018-06-01,Queensland,13.0
2018-09-01,Queensland,17.4
2018-12-01,Queensland,17.9
2019-03-01,Queensland,11.7
2019-06-01,Queensland,21.0
2019-09-01,Queensland,17.2
2019-12-01,Queensland,20.0
2020-03-01,Queensland,14.7
2020-06-01,Queensland,20.1
2020-09-01,Queensland,27.5
2020-12-01,Queensland,28.5
2021-03-01,Queensland,20.9
2021-06-01,Queensland,26.1
2021-09-01,Queensland,28.1
2021-12-01,Queensland,21.4
2022-03-01,Queensland,20.9
2022-06-01,Queensland,26.9
2022-09-01,Queensland,21.7
2022-12-01,Queensland,23.4
2023-03-01,Queensland,18.4
2023-06-01,Queensland,23.7
2023-09-01,Queensland,19.7
2023-12-01,Queensland,17.6
2024-03-01,Queensland,13.9
2024-06-01,Queensland,13.3
2024-09-01,Queensland,17.0
2024-12-01,Queensland,18.5
2025-03-01,Queensland,11.0
2025-06-01,Queensland,20.6
2025-09-01,Queensland,19.2
2025-12-01,Queensland,16.3
,Queensland,12.939864864864864
1988-09-01,South Australia,2.2
1988-12-01,South Australia,1.8
1989-03-01,South Australia,0.9
1989-06-01,South Australia,0.6
1989-09-01,South Australia,0.3
1989-12-01,South Australia,0.4
1990-03-01,South Australia,0.3
1990-06-01,South Australia,0.2
1990-09-01,South Australia,0.2
1990-12-01,South Australia,0.1
1991-03-01,South Australia,0.3
1991-06-01,South Australia,0.5
1991-09-01,South Australia,0.3
1991-12-01,South Australia,0.3
1992-03-01,South Australia,0.1
1992-06-01,South Australia,0.7
1992-09-01,South Australia,1.3
1992-12-01,South Australia,0.2
1993-03-01,South Australia,0.4
1993-06-01,South Australia,0.6
1993-09-01,South Australia,1.3
1993-12-01,South Australia,1.8
1994-03-01,South Australia,3.0
1994-06-01,South Australia,0.9
1994-09-01,South Australia,1.3
1994-12-01,South Australia,1.4
1995-03-01,South Australia,0.9
1995-06-01,South Australia,1.9
1995-09-01,South Australia,0.6
1995-12-01,South Australia,1.5
1996-03-01,South Australia,1.5
1996-06-01,South Australia,2.1
1996-09-01,South Australia,2.4
1996-12-01,South Australia,5.0
1997-03-01,South Australia,4.4
1997-06-01,South Australia,10.9
1997-09-01,South Australia,8.5
1997-12-01,South Australia,6.5
1998-03-01,South Australia,3.4
1998-06-01,South Australia,5.1
1998-09-01,South Australia,5.2
1998-12-01,South Australia,4.1
1999-03-01,South Australia,3.4
1999-06-01,South Australia,4.4
1999-09-01,South Australia,3.2
1999-12-01,South Australia,3.4
2000-03-01,South Australia,1.7
2000-06-01,South Australia,2.6
2000-09-01,South Australia,2.0
2000-12-01,South Australia,1.6
2001-03-01,South Australia,1.1
2001-06-01,South Australia,3.466666666666667
2001-09-01,South Australia,3.466666666666667
2001-12-01,South Australia,1.5
2002-03-01,South Australia,0.8
2002-06-01,South Australia,1.4
2002-09-01,South Australia,2.1
2002-12-01,South Australia,2.8
2003-03-01,South Australia,1.2
2003-06-01,South Australia,2.2
2003-09-01,South Australia,3.4
2003-12-01,South Australia,1.9
2004-03-01,South Australia,1.5
2004-06-01,South Australia,2.5
2004-09-01,South Australia,3.466666666666667
2004-12-01,South Australia,3.466666666666667
2005-03-01,South Australia,3.466666666666667
2005-06-01,South Australia,3.466666666666667
2005-09-01,South Australia,2.5
2005-12-01,South Australia,5.7
2006-03-01,South Australia,5.6
2006-06-01,South Australia,8.6
2006-09-01,South Australia,6.0
2006-12-01,South Australia,6.3
2007-03-01,South Australia,8.7
2007-06-01,South Australia,10.0
2007-09-01,South Australia,14.6
2007-12-01,South Australia,16.4
2008-03-01,South Australia,15.9
2008-06-01,South Australia,11.6
2008-09-01,South Australia,13.6
2008-12-01,South Australia,13.0
2009-03-01,South Australia,6.0
2009-06-01,South Australia,9.6
2009-09-01,South Australia,8.3
2009-12-01,South Australia,5.7
2010-03-01,South Australia,2.5
2010-06-01,South Australia,2.4
2010-09-01,South Australia,3.466666666666667
2010-12-01,South Australia,3.466666666666667
2011-03-01,South Australia,1.7
2011-06-01,South Australia,2.7
2011-09-01,South Australia,3.466666666666667
2011-12-01,South Australia,1.5
2012-03-01,South Australia,1.8
2012-06-01,South Australia,3.466666666666667
2012-09-01,South Australia,3.466666666666667
2012-12-01,South Australia,2.6
2013-03-01,South Australia,3.466666666666667
2013-06-01,South Australia,3.466666666666667
2013-09-01,South Australia,3.466666666666667
2013-12-01,South Australia,3.466666666666667
2014-03-01,South Australia,3.466666666666667
2014-06-01,South Australia,3.466666666666667
2014-09-01,South Australia,3.466666666666667
2014-12-01,South Australia,1.6
2015-03-01,South Australia,1.8
2015-06-01,South Australia,1.1
2015-09-01,South Australia,0.8
2015-12-01,South Australia,2.1
2016-03-01,South Australia,0.8
2016-06-01,South Australia,3.466666666666667
2016-09-01,South Australia,3.466666666666667
2016-12-01,South Australia,3.466666666666667
2017-03-01,South Australia,3.466666666666667
2017-06-01,South Australia,3.466666666666667
2017-09-01,South Australia,3.466666666666667
2017-12-01,South Australia,3.466666666666667
2018-03-01,South Australia,3.466666666666667
2018-06-01,South Australia,3.466666666666667
2018-09-01,South Australia,3.466666666666667
2018-12-01,South Australia,3.466666666666667
2019-03-01,South Australia,3.466666666666667
2019-06-01,South Australia,3.466666666666667
2019-09-01,South Australia,3.466666666666667
2019-12-01,South Australia,3.466666666666667
2020-03-01,South Australia,3.466666666666667
2020-06-01,South Australia,3.466666666666667
2020-09-01,South Australia,3.466666666666667
2020-12-01,South Australia,3.466666666666667
2021-03-01,South Australia,3.466666666666667
2021-06-01,South Australia,3.466666666666667
2021-09-01,South Australia,3.466666666666667
2021-12-01,South Australia,2.2
2022-03-01,South Australia,3.466666666666667
2022-06-01,South Australia,2.6
2022-09-01,South Australia,1.9
2022-12-01,South Australia,3.466666666666667
2023-03-01,South Australia,3.6
2023-06-01,South Australia,2.4
2023-09-01,South Australia,3.1
2023-12-01,South Australia,4.8
2024-03-01,South Australia,3.466666666666667
2024-06-01,South Australia,2.7
2024-09-01,South Australia,2.9
2024-12-01,South Australia,5.0
2025-03-01,South Australia,3.466666666666667
2025-06-01,South Australia,3.466666666666667
2025-09-01,South Australia,4.6
2025-12-01,South Australia,6.6
,South Australia,3.466666666666667
1988-09-01,Western Australia,75.8
1988-12-01,Western Australia,75.1
1989-03-01,Western Australia,61.2
1989-06-01,Western Australia,64.4
1989-09-01,Western Australia,53.4
1989-12-01,Western Australia,55.3
1990-03-01,Western Australia,44.9
1990-06-01,Western Australia,59.2
1990-09-01,Western Australia,43.8
1990-12-01,Western Australia,56.2
1991-03-01,Western Australia,45.6
1991-06-01,Western Australia,61.2
1991-09-01,Western Australia,54.3
1991-12-01,Western Australia,53.8
1992-03-01,Western Australia,47.5
1992-06-01,Western Australia,52.6
1992-09-01,Western Australia,52.5
1992-12-01,Western Australia,56.3
1993-03-01,Western Australia,51.0
1993-06-01,Western Australia,61.4
1993-09-01,Western Australia,70.1
1993-12-01,Western Australia,73.5
1994-03-01,Western Australia,76.4
1994-06-01,Western Australia,90.2
1994-09-01,Western Australia,94.3
1994-12-01,Western Australia,97.4
1995-03-01,Western Australia,79.5
1995-06-01,Western Australia,108.2
1995-09-01,Western Australia,90.5
1995-12-01,Western Australia,100.0
1996-03-01,Western Australia,83.9
1996-06-01,Western Australia,93.4
1996-09-01,Western Australia,120.2
1996-12-01,Western Australia,132.9
1997-03-01,Western Australia,108.3
1997-06-01,Western Australia,156.2
1997-09-01,Western Australia,138.2
1997-12-01,Western Australia,109.6
1998-03-01,Western Australia,100.0
1998-06-01,Western Australia,111.5
1998-09-01,Western Australia,96.1
1998-12-01,Western Australia,102.0
1999-03-01,Western Australia,68.2
1999-06-01,Western Australia,75.4
1999-09-01,Western Australia,67.9
1999-12-01,Western Australia,61.3
2000-03-01,Western Australia,47.2
2000-06-01,Western Australia,76.6
2000-09-01,Western Australia,64.4
2000-12-01,Western Australia,71.6
2001-03-01,Western Australia,62.2
2001-06-01,Western Australia,73.7
2001-09-01,Western Australia,64.8
2001-12-01,Western Australia,60.4
2002-03-01,Western Australia,53.5
2002-06-01,Western Australia,59.4
2002-09-01,Western Australia,70.1
2002-12-01,Western Australia,69.8
2003-03-01,Western Australia,58.5
2003-06-01,Western Australia,67.2
2003-09-01,Western Australia,68.0
2003-12-01,Western Australia,66.4
2004-03-01,Western Australia,59.3
2004-06-01,Western Australia,83.0
2004-09-01,Western Australia,73.9
2004-12-01,Western Australia,67.5
2005-03-01,Western Australia,54.1
2005-06-01,Western Australia,64.1
2005-09-01,Western Australia,62.0
2005-12-01,Western Australia,61.1
2006-03-01,Western Australia,53.7
2006-06-01,Western Australia,63.5
2006-09-01,Western Australia,64.7
2006-12-01,Western Australia,77.8
2007-03-01,Western Australia,63.7
2007-06-01,Western Australia,70.3
2007-09-01,Western Australia,76.5
2007-12-01,Western Australia,85.8
2008-03-01,Western Australia,85.2
2008-06-01,Western Australia,100.3
2008-09-01,Western Australia,75.9
2008-12-01,Western Australia,67.7
2009-03-01,Western Australia,56.6
2009-06-01,Western Australia,62.5
2009-09-01,Western Australia,70.7
2009-12-01,Western Australia,87.0
2010-03-01,Western Australia,81.8
2010-06-01,Western Australia,109.0
2010-09-01,Western Australia,105.3
2010-12-01,Western Australia,116.0
2011-03-01,Western Australia,108.9
2011-06-01,Western Australia,122.3
2011-09-01,Western Australia,126.7
2011-12-01,Western Australia,141.1
2012-03-01,Western Australia,128.4
2012-06-01,Western Australia,161.2
2012-09-01,Western Australia,140.3
2012-12-01,Western Australia,111.0
2013-03-01,Western Australia,111.9
2013-06-01,Western Australia,103.4
2013-09-01,Western Australia,96.3
2013-12-01,Western Australia,76.2
2014-03-01,Western Australia,56.2
2014-06-01,Western Australia,66.6
2014-09-01,Western Australia,61.9
2014-12-01,Western Australia,64.0
2015-03-01,Western Australia,67.4
2015-06-01,Western Australia,81.0
2015-09-01,Western Australia,94.8
2015-12-01,Western Australia,95.6
2016-03-01,Western Australia,84.9
2016-06-01,Western Australia,110.6
2016-09-01,Western Australia,117.8
2016-12-01,Western Australia,132.6
2017-03-01,Western Australia,117.2
2017-06-01,Western Australia,141.9
2017-09-01,Western Australia,137.0
2017-12-01,Western Australia,154.3
2018-03-01,Western Australia,137.8
2018-06-01,Western Australia,162.4
2018-09-01,Western Australia,174.0
2018-12-01,Western Australia,167.3
2019-03-01,Western Australia,158.5
2019-06-01,Western Australia,175.7
2019-09-01,Western Australia,193.0
2019-12-01,Western Australia,199.9
2020-03-01,Western Australia,183.3
2020-06-01,Western Australia,209.4
2020-09-01,Western Australia,259.7
2020-12-01,Western Australia,269.2
2021-03-01,Western Australia,246.9
2021-06-01,Western Australia,295.7
2021-09-01,Western Australia,297.1
2021-12-01,Western Australia,276.4
2022-03-01,Western Australia,253.0
2022-06-01,Western Australia,300.6
2022-09-01,Western Australia,286.0
2022-12-01,Western Australia,264.5
2023-03-01,Western Australia,191.6
2023-06-01,Western Australia,211.3
2023-09-01,Western Australia,244.3
2023-12-01,Western Australia,229.3
2024-03-01,Western Australia,200.4
2024-06-01,Western Australia,210.3
2024-09-01,Western Australia,234.0
2024-12-01,Western Australia,245.6
2025-03-01,Western Australia,233.7
2025-06-01,Western Australia,322.0
2025-09-01,Western Australia,348.9
2025-12-01,Western Australia,380.7
,Western Australia,115.58333333333331
1988-09-01,Tasmania,1.1
1988-12-01,Tasmania,1.0
1989-03-01,Tasmania,1.5
1989-06-01,Tasmania,1.4
1989-09-01,Tasmania,1.3
1989-12-01,Tasmania,0.6
1990-03-01,Tasmania,0.6
1990-06-01,Tasmania,0.7
1990-09-01,Tasmania,0.4
1990-12-01,Tasmania,0.5
1991-03-01,Tasmania,0.5
1991-06-01,Tasmania,0.7
1991-09-01,Tasmania,0.4
1991-12-01,Tasmania,0.2
1992-03-01,Tasmania,0.2
1992-06-01,Tasmania,0.2
1992-09-01,Tasmania,0.2
1992-12-01,Tasmania,0.3
1993-03-01,Tasmania,0.4
1993-06-01,Tasmania,0.8
1993-09-01,Tasmania,0.3
1993-12-01,Tasmania,0.4
1994-03-01,Tasmania,0.7
1994-06-01,Tasmania,0.2
1994-09-01,Tasmania,0.8
1994-12-01,Tasmania,0.4
1995-03-01,Tasmania,0.3
1995-06-01,Tasmania,1.4
1995-09-01,Tasmania,0.7
1995-12-01,Tasmania,3.2
1996-03-01,Tasmania,3.3
1996-06-01,Tasmania,1.7
1996-09-01,Tasmania,1.6
1996-12-01,Tasmania,2.9
1997-03-01,Tasmania,2.9
1997-06-01,Tasmania,6.5
1997-09-01,Tasmania,1.156382978723404
1997-12-01,Tasmania,1.156382978723404
1998-03-01,Tasmania,0.9
1998-06-01,Tasmania,1.2
1998-09-01,Tasmania,0.8
1998-12-01,Tasmania,1.0
1999-03-01,Tasmania,0.5
1999-06-01,Tasmania,0.6
1999-09-01,Tasmania,0.5
1999-12-01,Tasmania,0.5
2000-03-01,Tasmania,1.0
2000-06-01,Tasmania,0.3
2000-09-01,Tasmania,0.7
2000-12-01,Tasmania,0.4
2001-03-01,Tasmania,0.4
2001-06-01,Tasmania,1.156382978723404
2001-09-01,Tasmania,1.156382978723404
2001-12-01,Tasmania,0.7
2002-03-01,Tasmania,0.4
2002-06-01,Tasmania,0.5
2002-09-01,Tasmania,0.3
2002-12-01,Tasmania,0.3
2003-03-01,Tasmania,0.3
2003-06-01,Tasmania,0.4
2003-09-01,Tasmania,0.2
2003-12-01,Tasmania,0.6
2004-03-01,Tasmania,0.7
2004-06-01,Tasmania,1.0
2004-09-01,Tasmania,1.156382978723404
2004-12-01,Tasmania,1.156382978723404
2005-03-01,Tasmania,1.156382978723404
2005-06-01,Tasmania,1.156382978723404
2005-09-01,Tasmania,0.5
2005-12-01,Tasmania,0.8
2006-03-01,Tasmania,1.1
2006-06-01,Tasmania,2.6
2006-09-01,Tasmania,1.0
2006-12-01,Tasmania,0.7
2007-03-01,Tasmania,1.156382978723404
2007-06-01,Tasmania,0.3
2007-09-01,Tasmania,1.156382978723404
2007-12-01,Tasmania,0.3
2008-03-01,Tasmania,0.9
2008-06-01,Tasmania,1.156382978723404
2008-09-01,Tasmania,0.4
2008-12-01,Tasmania,1.7
2009-03-01,Tasmania,0.4
2009-06-01,Tasmania,0.4
2009-09-01,Tasmania,0.8
2009-12-01,Tasmania,1.3
2010-03-01,Tasmania,1.1
2010-06-01,Tasmania,2.5
2010-09-01,Tasmania,1.156382978723404
2010-12-01,Tasmania,1.156382978723404
2011-03-01,Tasmania,2.3
2011-06-01,Tasmania,1.9
2011-09-01,Tasmania,1.156382978723404
2011-12-01,Tasmania,1.9
2012-03-01,Tasmania,1.156382978723404
2012-06-01,Tasmania,1.156382978723404
2012-09-01,Tasmania,1.156382978723404
2012-12-01,Tasmania,1.2
2013-03-01,Tasmania,1.156382978723404
2013-06-01,Tasmania,1.156382978723404
2013-09-01,Tasmania,1.156382978723404
2013-12-01,Tasmania,1.156382978723404
2014-03-01,Tasmania,1.156382978723404
2014-06-01,Tasmania,1.156382978723404
2014-09-01,Tasmania,1.156382978723404
2014-12-01,Tasmania,0.4
2015-03-01,Tasmania,1.156382978723404
2015-06-01,Tasmania,1.156382978723404
2015-09-01,Tasmania,1.156382978723404
2015-12-01,Tasmania,1.156382978723404
2016-03-01,Tasmania,1.156382978723404
2016-06-01,Tasmania,1.156382978723404
2016-09-01,Tasmania,1.156382978723404
2016-12-01,Tasmania,1.156382978723404
2017-03-01,Tasmania,1.156382978723404
2017-06-01,Tasmania,1.156382978723404
2017-09-01,Tasmania,1.156382978723404
2017-12-01,Tasmania,1.156382978723404
2018-03-01,Tasmania,1.156382978723404
2018-06-01,Tasmania,1.156382978723404
2018-09-01,Tasmania,1.156382978723404
2018-12-01,Tasmania,1.156382978723404
2019-03-01,Tasmania,1.156382978723404
2019-06-01,Tasmania,1.156382978723404
2019-09-01,Tasmania,1.156382978723404
2019-12-01,Tasmania,1.156382978723404
2020-03-01,Tasmania,1.156382978723404
2020-06-01,Tasmania,1.156382978723404
2020-09-01,Tasmania,1.156382978723404
2020-12-01,Tasmania,1.156382978723404
2021-03-01,Tasmania,1.156382978723404
2021-06-01,Tasmania,1.156382978723404
2021-09-01,Tasmania,1.156382978723404
2021-12-01,Tasmania,2.0
2022-03-01,Tasmania,1.156382978723404
2022-06-01,Tasmania,3.9
2022-09-01,Tasmania,2.1
2022-12-01,Tasmania,1.156382978723404
2023-03-01,Tasmania,2.4
2023-06-01,Tasmania,3.2
2023-09-01,Tasmania,1.9
2023-12-01,Tasmania,2.2
2024-03-01,Tasmania,1.156382978723404
2024-06-01,Tasmania,3.0
2024-09-01,Tasmania,2.0
2024-12-01,Tasmania,3.4
2025-03-01,Tasmania,1.156382978723404
2025-06-01,Tasmania,1.156382978723404
2025-09-01,Tasmania,1.8
2025-12-01,Tasmania,1.8
,Tasmania,1.156382978723404
1988-09-01,Northern Territory,8.5
1988-12-01,Northern Territory,13.5
1989-03-01,Northern Territory,6.7
1989-06-01,Northern Territory,12.6
1989-09-01,Northern Territory,9.5
1989-12-01,Northern Territory,12.5
1990-03-01,Northern Territory,5.7
1990-06-01,Northern Territory,9.0
1990-09-01,Northern Territory,6.8
1990-12-01,Northern Territory,9.3
1991-03-01,Northern Territory,4.7
1991-06-01,Northern Territory,8.8
1991-09-01,Northern Territory,8.1
1991-12-01,Northern Territory,7.9
1992-03-01,Northern Territory,7.0
1992-06-01,Northern Territory,9.4
1992-09-01,Northern Territory,8.7
1992-12-01,Northern Territory,10.7
1993-03-01,Northern Territory,6.7
1993-06-01,Northern Territory,12.8
1993-09-01,Northern Territory,11.2
1993-12-01,Northern Territory,12.5
1994-03-01,Northern Territory,7.5
1994-06-01,Northern Territory,12.1
1994-09-01,Northern Territory,13.0
1994-12-01,Northern Territory,11.1
1995-03-01,Northern Territory,7.0
1995-06-01,Northern Territory,12.0
1995-09-01,Northern Territory,10.8
1995-12-01,Northern Territory,10.6
1996-03-01,Northern Territory,9.4
1996-06-01,Northern Territory,18.0
1996-09-01,Northern Territory,15.2
1996-12-01,Northern Territory,15.9
1997-03-01,Northern Territory,8.4
1997-06-01,Northern Territory,13.6
1997-09-01,Northern Territory,12.9
1997-12-01,Northern Territory,13.7
1998-03-01,Northern Territory,7.3
1998-06-01,Northern Territory,11.1
1998-09-01,Northern Territory,11.9
1998-12-01,Northern Territory,9.4
1999-03-01,Northern Territory,5.3
1999-06-01,Northern Territory,11.9
1999-09-01,Northern Territory,12.9
1999-12-01,Northern Territory,10.0
2000-03-01,Northern Territory,6.3
2000-06-01,Northern Territory,10.8
2000-09-01,Northern Territory,8.1
2000-12-01,Northern Territory,8.9
2001-03-01,Northern Territory,4.2
2001-06-01,Northern Territory,5.5
2001-09-01,Northern Territory,7.1
2001-12-01,Northern Territory,7.4
2002-03-01,Northern Territory,4.0
2002-06-01,Northern Territory,6.8
2002-09-01,Northern Territory,5.0
2002-12-01,Northern Territory,7.7
2003-03-01,Northern Territory,3.1
2003-06-01,Northern Territory,10.978767123287671
2003-09-01,Northern Territory,5.6
2003-12-01,Northern Territory,4.7
2004-03-01,Northern Territory,4.1
2004-06-01,Northern Territory,5.7
2004-09-01,Northern Territory,6.8
2004-12-01,Northern Territory,5.4
2005-03-01,Northern Territory,4.3
2005-06-01,Northern Territory,10.2
2005-09-01,Northern Territory,9.5
2005-12-01,Northern Territory,3.6
2006-03-01,Northern Territory,3.7
2006-06-01,Northern Territory,5.6
2006-09-01,Northern Territory,6.8
2006-12-01,Northern Territory,6.3
2007-03-01,Northern Territory,10.978767123287671
2007-06-01,Northern Territory,7.5
2007-09-01,Northern Territory,10.978767123287671
2007-12-01,Northern Territory,8.7
2008-03-01,Northern Territory,6.7
2008-06-01,Northern Territory,10.978767123287671
2008-09-01,Northern Territory,8.9
2008-12-01,Northern Territory,7.1
2009-03-01,Northern Territory,3.9
2009-06-01,Northern Territory,6.8
2009-09-01,Northern Territory,14.1
2009-12-01,Northern Territory,10.8
2010-03-01,Northern Territory,7.3
2010-06-01,Northern Territory,12.2
2010-09-01,Northern Territory,15.4
2010-12-01,Northern Territory,12.0
2011-03-01,Northern Territory,10.0
2011-06-01,Northern Territory,15.9
2011-09-01,Northern Territory,23.1
2011-12-01,Northern Territory,24.8
2012-03-01,Northern Territory,13.8
2012-06-01,Northern Territory,15.9
2012-09-01,Northern Territory,19.7
2012-12-01,Northern Territory,11.0
2013-03-01,Northern Territory,7.1
2013-06-01,Northern Territory,8.6
2013-09-01,Northern Territory,6.1
2013-12-01,Northern Territory,6.3
2014-03-01,Northern Territory,5.0
2014-06-01,Northern Territory,10.3
2014-09-01,Northern Territory,9.7
2014-12-01,Northern Territory,7.9
2015-03-01,Northern Territory,5.8
2015-06-01,Northern Territory,12.0
2015-09-01,Northern Territory,16.9
2015-12-01,Northern Territory,17.6
2016-03-01,Northern Territory,13.9
2016-06-01,Northern Territory,13.1
2016-09-01,Northern Territory,9.4
2016-12-01,Northern Territory,10.4
2017-03-01,Northern Territory,5.4
2017-06-01,Northern Territory,10.3
2017-09-01,Northern Territory,13.1
2017-12-01,Northern Territory,13.1
2018-03-01,Northern Territory,12.7
2018-06-01,Northern Territory,15.8
2018-09-01,Northern Territory,14.0
2018-12-01,Northern Territory,18.4
2019-03-01,Northern Territory,14.0
2019-06-01,Northern Territory,16.9
2019-09-01,Northern Territory,20.2
2019-12-01,Northern Territory,19.5
2020-03-01,Northern Territory,15.7
2020-06-01,Northern Territory,12.2
2020-09-01,Northern Territory,16.1
2020-12-01,Northern Territory,18.6
2021-03-01,Northern Territory,17.3
2021-06-01,Northern Territory,24.5
2021-09-01,Northern Territory,18.3
2021-12-01,Northern Territory,18.1
2022-03-01,Northern Territory,11.6
2022-06-01,Northern Territory,20.2
2022-09-01,Northern Territory,15.6
2022-12-01,Northern Territory,15.9
2023-03-01,Northern Territory,10.4
2023-06-01,Northern Territory,15.8
2023-09-01,Northern Territory,18.5
2023-12-01,Northern Territory,20.1
2024-03-01,Northern Territory,15.0
2024-06-01,Northern Territory,15.7
2024-09-01,Northern Territory,13.3
2024-12-01,Northern Territory,12.1
2025-03-01,Northern Territory,6.9
2025-06-01,Northern Territory,12.0
2025-09-01,Northern Territory,15.6
2025-12-01,Northern Territory,13.5
,Northern Territory,10.978767123287671
