YEAR,State,Production
1851,New South Wales,3428.9616
1851,Victoria,6514.9213
1852,New South Wales,19482.284
1852,Victoria,66963.9913
1852,South Australia,20
1853,New South Wales,13973.9764
1853,Victoria,80364.3282
1853,South Australia,850
1854,New South Wales,5661.1019
1854,Victoria,64971.0722
1854,South Australia,800
1855,New South Wales,4792.6655
1855,Victoria,82566.3637
1855,South Australia,180
1856,New South Wales,5045.8195
1856,Victoria,89432.6217
1856,Tasmania,13.2175
1856,South Australia,150
1857,New South Wales,4938.2135
1857,Victoria,82886.2272
1857,Tasmania,10.0764
1857,South Australia,140
1858,New South Wales,8084.2895
1858,Victoria,76033.7776
1858,Tasmania,6.8109
1858,South Australia,130
1859,Queensland,21.4901
1859,New South Wales,9218.7864
1859,Victoria,68785.0518
1859,Tasmania,3.5765
1859,South Australia,130
1860,Queensland,85.1518
1860,New South Wales,10728.8158
1860,Victoria,65134.5649
1860,Tasmania,0.311
1860,South Australia,120
1861,Queensland,28.7675
1861,New South Wales,13223.9999
1861,Victoria,59602.5902
1861,Tasmania,0.2488
1861,South Australia,120
1862,Queensland,4.5406
1862,New South Wales,18068.0115
1862,Victoria,50671.1056
1862,South Australia,100
1863,Queensland,108.3835
1863,New South Wales,13150.7594
1863,Victoria,49634.8847
1863,South Australia,70
1864,Queensland,609.8399
1864,New South Wales,9554.1066
1864,Victoria,47515.3886
1864,South Australia,40
1865,Queensland,680.468
1865,New South Wales,9014.6149
1865,Victoria,47196.3648
1865,South Australia,40
1866,Queensland,626.4473
1866,New South Wales,8173.8264
1866,Victoria,45304.303
1866,Tasmania,7.6506
1866,South Australia,30
1867,Queensland,1385.5672
1867,New South Wales,7713.8263
1867,Victoria,43971.7302
1867,Tasmania,32.0952
1867,South Australia,100
1868,Queensland,4345.4786
1868,New South Wales,7282.5004
1868,Victoria,49344.9394
1868,Tasmania,18.5667
1868,South Australia,200
1869,Queensland,3829.4985
1869,New South Wales,7132.2874
1869,Victoria,45240.0815
1869,Tasmania,3.7631
1869,South Australia,750
1870,Queensland,3584.2128
1870,New South Wales,6816.498
1870,Victoria,38198.1707
1870,Tasmania,26.8393
1870,South Australia,830
1871,Queensland,4516.6841
1871,New South Wales,9155.4979
1871,Victoria,40091.1655
1871,Tasmania,171.8275
1871,South Australia,850
1872,Queensland,4835.117
1872,New South Wales,12037.9392
1872,Victoria,38991.0341
1872,Tasmania,199.973
1872,South Australia,200
1873,Queensland,5253.5053
1873,New South Wales,10223.6585
1873,Victoria,34276.5229
1873,Tasmania,134.6319
1873,South Australia,120
1874,Queensland,9928.5506
1874,New South Wales,7626.2487
1874,Victoria,32145.8308
1874,Tasmania,135.3783
1874,South Australia,20
1875,Queensland,10970.8982
1875,New South Wales,6426.0997
1875,Victoria,31289.9277
1875,Tasmania,87.7331
1875,South Australia,100
1876,Queensland,10529.216
1876,New South Wales,4489.5027
1876,Victoria,28224.8983
1876,Tasmania,328.9136
1876,South Australia,72.4008
1877,Queensland,9644.421
1877,New South Wales,3451.7268
1877,Victoria,23711.6974
1877,Tasmania,170.5213
1878,Queensland,8414.2294
1878,New South Wales,3149.7458
1878,Victoria,22200.1441
1878,Tasmania,732.1562
1878,South Australia,8.9568
1879,Queensland,7572.0725
1879,New South Wales,2981.4637
1879,Victoria,22226.7035
1879,Tasmania,1690.5027
1879,South Australia,0.6531
1880,Queensland,6917.9151
1880,New South Wales,3252.6246
1880,Victoria,24281.8537
1880,Tasmania,1473.7979
1880,Nothern Territory,578.5844
1881,Queensland,7010.9041
1881,New South Wales,4199.5263
1881,Victoria,24406.5025
1881,Tasmania,1588.0593
1881,South Australia,6.4377
1881,Nothern Territory,819.6094
1882,Queensland,5753.7799
1882,New South Wales,3854.9694
1882,Victoria,25321.1846
1882,Tasmania,1371.6033
1882,South Australia,33.9301
1882,Nothern Territory,590.9933
1883,Queensland,5394.606
1883,New South Wales,3357.1517
1883,Victoria,22850.6939
1883,Tasmania,1291.8318
1883,South Australia,77.128
1883,Nothern Territory,565.1803
1884,Queensland,7778.9497
1884,New South Wales,2899.764
1884,Victoria,22802.7999
1884,Tasmania,1174.3982
1884,South Australia,113.2662
1884,Nothern Territory,570.6228
1885,Queensland,7779.2607
1885,New South Wales,2772.4095
1885,Victoria,21531.774
1885,Tasmania,1137.1093
1885,South Australia,133.9477
1885,Nothern Territory,515.5447
1886,Queensland,8692.0768
1886,New South Wales,2681.8463
1886,Victoria,19481.1022
1886,Tasmania,858.4533
1886,South Australia,238.1949
1886,Western Australia,8.397
1886,Nothern Territory,462.2704
1887,Queensland,10850.479
1887,New South Wales,2888.9412
1887,Victoria,18091.6164
1887,Tasmania,1160.7142
1887,South Australia,527.1761
1887,Western Australia,135.5649
1887,Nothern Territory,503.5401
1888,Queensland,12376.9292
1888,New South Wales,2322.7035
1888,Victoria,18304.6514
1888,Tasmania,1077.3973
1888,South Australia,250.4172
1888,Western Australia,97.1875
1888,Nothern Territory,254.8023
1889,Queensland,19736.2155
1889,New South Wales,3183.3027
1889,Victoria,18006.3091
1889,Tasmania,876.398
1889,South Australia,273.1202
1889,Western Australia,431.046
1889,Nothern Territory,348.8798
1890,Queensland,15979.7709
1890,New South Wales,3369.996
1890,Victoria,17236.7085
1890,Tasmania,555.6326
1890,South Australia,152.3589
1890,Western Australia,634.5022
1890,Nothern Territory,591.3976
1891,Queensland,14865.0536
1891,New South Wales,4094.4394
1891,Victoria,16880.5513
1891,Tasmania,1064.9884
1891,South Australia,200.4706
1891,Western Australia,843.3076
1891,Nothern Territory,722.6396
1892,Queensland,15846.7251
1892,New South Wales,4212.0907
1892,Victoria,19166.5568
1892,Tasmania,1163.5132
1892,South Australia,191.0784
1892,Western Australia,1656.7592
1892,Nothern Territory,799.4566
1893,Queensland,15871.6362
1893,New South Wales,4768.4386
1893,Victoria,19654.7646
1893,Tasmania,1034.7281
1893,South Australia,91.9938
1893,Western Australia,3085.2133
1893,Nothern Territory,791.6816
1894,Queensland,17061.3045
1894,New South Wales,8468.9654
1894,Victoria,20996.8851
1894,Tasmania,1588.9612
1894,South Australia,245.1302
1894,Western Australia,5762.7989
1894,Nothern Territory,802.5977
1895,Queensland,15745.4635
1895,New South Wales,9634.6556
1895,Victoria,21674.3364
1895,Tasmania,1509.0964
1895,South Australia,191.0473
1895,Western Australia,6441.121
1895,Nothern Territory,752.5267
1896,Queensland,15616.7406
1896,New South Wales,7858.659
1896,Victoria,23577.9674
1896,Tasmania,1739.423
1896,South Australia,105.118
1896,Western Australia,7825.3509
1896,Nothern Territory,594.5076
1897,Queensland,18689.5139
1897,New South Wales,8085.3158
1897,Victoria,23802.8826
1897,Tasmania,2172.024
1897,South Australia,286.3066
1897,Western Australia,18779.6106
1897,Nothern Territory,593.9789
1898,Queensland,20136.8457
1898,New South Wales,8798.6254
1898,Victoria,24520.1108
1898,Tasmania,2134.2064
1898,South Australia,78.4964
1898,Western Australia,29218.139
1898,Nothern Territory,620.4761
1899,Queensland,20781.8597
1899,New South Wales,11885.2382
1899,Victoria,25025.1126
1899,Tasmania,2398.1521
1899,South Australia,114.0748
1899,Western Australia,45735.8466
1899,Nothern Territory,465.3804
1900,Queensland,21024.4397
1900,New South Wales,7840.8076
1900,Victoria,23645.9209
1900,Tasmania,2315.2395
1900,South Australia,106.5486
1900,Western Australia,43985.1032
1900,Nothern Territory,497.289
1901,Queensland,18609.6802
1901,New South Wales,5397.1873
1901,Victoria,22717.0883
1901,Tasmania,2161.1701
1901,South Australia,121.6321
1901,Western Australia,52976.2687
1901,Nothern Territory,647.3465
1902,Queensland,19918.3993
1902,New South Wales,5015.0616
1902,Victoria,22418.9326
1902,Tasmania,2207.9756
1902,South Australia,182.1527
1902,Western Australia,58189.2818
1902,Nothern Territory,514.8916
1903,Queensland,20791.7806
1903,New South Wales,7907.486
1903,Victoria,23862.9367
1903,Tasmania,1862.6412
1903,South Australia,209.8628
1903,Western Australia,64215.3733
1903,Nothern Territory,511.0663
1904,Queensland,19877.565
1904,New South Wales,8391.3087
1904,Victoria,23810.16
1904,Tasmania,2050.1431
1904,South Australia,556.6278
1904,Western Australia,61678.4841
1904,Nothern Territory,307.89
1905,Queensland,18430.5442
1905,New South Wales,8529.7037
1905,Victoria,23236.8626
1905,Tasmania,2287.094
1905,South Australia,335.7245
1905,Western Australia,60810.3587
1905,Nothern Territory,378.2071
1906,Queensland,16938.1796
1906,New South Wales,7898.9957
1906,Victoria,24018.219
1906,Tasmania,1866.7153
1906,South Australia,197.6716
1906,Western Australia,55810.4428
1906,Nothern Territory,359.6093
1907,Queensland,14488.8991
1907,New South Wales,7692.9893
1907,Victoria,21632.4136
1907,Tasmania,2032.5094
1907,South Australia,150.3996
1907,Western Australia,52793.9605
1907,Nothern Territory,158.7344
1908,Queensland,14464.1435
1908,New South Wales,6991.0312
1908,Victoria,20874.5999
1908,Tasmania,1775.3435
1908,South Australia,90.0656
1908,Western Australia,51250.0632
1908,Nothern Territory,177.1145
1909,Queensland,14168.538
1909,New South Wales,6366.4499
1909,Victoria,20346.3042
1909,Tasmania,1392.5647
1909,South Australia,221.1521
1909,Western Australia,49612.897
1909,Nothern Territory,227.7453
1910,Queensland,13727.6022
1910,New South Wales,5873.4527
1910,Victoria,17738.9113
1910,Tasmania,1152.1928
1910,South Australia,205.0112
1910,Western Australia,45736.6863
1910,Nothern Territory,186.8488
1911,Queensland,12009.7315
1911,New South Wales,5632.8631
1911,Victoria,15674.4
1911,Tasmania,967.2411
1911,South Australia,109.8141
1911,Western Australia,42633.9948
1911,Nothern Territory,226.3147
1912,Queensland,10821.1206
1912,New South Wales,5140.6745
1912,Victoria,14932.0741
1912,Tasmania,1180.9603
1912,South Australia,205.0112
1912,Western Australia,39890.6949
1912,Nothern Territory,165.9807
1913,Queensland,8264.3585
1913,New South Wales,4654.3327
1913,Victoria,13526.4163
1913,Tasmania,1038.74
1913,South Australia,203.5495
1913,Western Australia,40866.7373
1913,Nothern Territory,97.0009
1914,Queensland,7758.4548
1914,New South Wales,3872.1677
1914,Victoria,12851.0798
1914,Tasmania,816.1573
1914,South Australia,194.6238
1914,Western Australia,38345.5847
1914,Nothern Territory,78.7452
1915,Queensland,7766.0121
1915,New South Wales,4120.6878
1915,Victoria,10234.0148
1915,Tasmania,576.8117
1915,South Australia,189.1191
1915,Western Australia,37634.4832
1915,Nothern Territory,27.679
1916,Queensland,6691.5382
1916,New South Wales,3363.3095
1916,Victoria,7981.5973
1916,Tasmania,491.069
1916,South Australia,241.6159
1916,Western Australia,33009.4778
1916,Nothern Territory,59.3699
1917,Queensland,5576.3855
1917,New South Wales,2555.5181
1917,Victoria,6278.2192
1917,Tasmania,450.8256
1917,South Australia,222.0851
1917,Western Australia,30176.8587
1917,Nothern Territory,26.9326
1918,Queensland,4154.0581
1918,New South Wales,2707.0995
1918,Victoria,4939.5197
1918,Tasmania,327.4519
1918,South Australia,192.198
1918,Western Australia,27259.4921
1918,Nothern Territory,16.3275
1919,Queensland,3764.033
1919,New South Wales,2047.5929
1919,Victoria,4211.8108
1919,Tasmania,239.0346
1919,South Australia,100.2664
1919,Western Australia,22829.4526
1919,Nothern Territory,25.7819
1920,Queensland,3583.653
1920,New South Wales,1521.0388
1920,Victoria,4751.8312
1920,Tasmania,194.2506
1920,South Australia,52.7767
1920,Western Australia,19214.8862
1920,Nothern Territory,29.2029
1921,Queensland,1255.6936
1921,New South Wales,1591.4803
1921,Victoria,3250.3232
1921,Tasmania,166.074
1921,South Australia,81.7308
1921,Western Australia,17221.0341
1921,Nothern Territory,7.6195
1922,Queensland,2506.1624
1922,New South Wales,784.4042
1922,Victoria,3323.7192
1922,Tasmania,106.7041
1922,South Australia,31.1
1922,Western Australia,16739.4506
1922,Nothern Territory,3.5765
1923,Queensland,2759.3786
1923,New South Wales,585.7063
1923,Victoria,2967.0333
1923,Tasmania,114.5724
1923,South Australia,29.5139
1923,Western Australia,15690.2921
1923,Nothern Territory,5.2248
1924,Queensland,3073.9551
1924,New South Wales,581.1035
1924,Victoria,2088.8937
1924,Tasmania,143.8686
1924,South Australia,27.368
1924,Western Australia,15084.5885
1924,Nothern Territory,21.8633
1925,Queensland,1443.2266
1925,New South Wales,604.0242
1925,Victoria,1470.9056
1925,Tasmania,109.5964
1925,South Australia,25.8752
1925,Western Australia,13722.9372
1925,Nothern Territory,14.1816
1926,Queensland,321.5429
1926,New South Wales,604.4285
1926,Victoria,1526.3258
1926,Tasmania,131.3353
1926,South Australia,23.5738
1926,Western Australia,13601.3673
1926,Nothern Territory,4.354
1927,Queensland,1181.1469
1927,New South Wales,560.7952
1927,Victoria,1198.5318
1927,Tasmania,151.1771
1927,South Australia,12.9998
1927,Western Australia,12699.7783
1927,Nothern Territory,3.421
1928,Queensland,412.9147
1928,New South Wales,399.0441
1928,Victoria,1054.8187
1928,Tasmania,112.0533
1928,South Australia,16.5452
1928,Western Australia,12234.9888
1928,Nothern Territory,3.1411
1929,Queensland,294.7036
1929,New South Wales,233.1256
1929,Victoria,817.1525
1929,Tasmania,174.0667
1929,South Australia,31.3799
1929,Western Australia,11730.1736
1929,Nothern Territory,4.0741
1930,Queensland,243.2331
1930,New South Wales,388.5323
1930,Victoria,750.1009
1930,Tasmania,138.9237
1930,South Australia,40.7721
1930,Western Australia,12984.8098
1930,Nothern Territory,0.4043
1931,Queensland,408.8717
1931,New South Wales,611.8303
1931,Victoria,1357.1107
1931,Tasmania,148.036
1931,South Australia,86.5202
1931,Western Australia,15878.7892
1931,Nothern Territory,17.1672
1932,Queensland,723.4793
1932,New South Wales,868.9651
1932,Victoria,1484.8695
1932,Tasmania,184.6407
1932,South Australia,93.7354
1932,Western Australia,18832.9471
1932,Nothern Territory,20.9614
1933,Queensland,2861.1067
1933,New South Wales,909.7372
1933,Victoria,1809.4913
1933,Tasmania,207.5303
1933,South Australia,197.8271
1933,Western Australia,19817.1377
1933,Nothern Territory,18.4734
1934,Queensland,3591.1481
1934,New South Wales,1123.4253
1934,Victoria,2183.0956
1934,Tasmania,174.8442
1934,South Australia,213.657
1934,Western Australia,20256.6118
1934,Nothern Territory,30.7579
1935,Queensland,3202.989
1935,New South Wales,1558.1722
1935,Victoria,2724.6399
1935,Tasmania,259.4673
1935,South Australia,228.0563
1935,Western Australia,20185.4239
1935,Nothern Territory,157.5526
1936,Queensland,3768.5114
1936,New South Wales,1888.9829
1936,Victoria,3657.2356
1936,Tasmania,547.36
1936,South Australia,238.8791
1936,Western Australia,26317.0688
1936,Nothern Territory,272.2183
1937,Queensland,3958.4391
1937,New South Wales,2133.6777
1937,Victoria,4534.3489
1937,Tasmania,630.5836
1937,South Australia,216.5182
1937,Western Australia,31120.1217
1937,Nothern Territory,491.6288
1938,Queensland,4709.5352
1938,New South Wales,2758.5078
1938,Victoria,4485.9573
1938,Tasmania,690.42
1938,South Australia,164.5812
1938,Western Australia,36318.3001
1938,Nothern Territory,384.9558
1939,Queensland,4579.4128
1939,New South Wales,2711.5779
1939,Victoria,4867.8342
1939,Tasmania,621.5024
1939,South Australia,122.223
1939,Western Australia,37762.8018
1939,Nothern Territory,515.8246
1940,Queensland,3944.4441
1940,New South Wales,3117.9305
1940,Victoria,5615.6337
1940,Tasmania,596.2181
1940,South Australia,101.697
1940,Western Australia,37055.0902
1940,Nothern Territory,697.3553
1941,Queensland,3391.8904
1941,New South Wales,2739.6301
1941,Victoria,4657.8159
1941,Tasmania,619.1388
1941,South Australia,52.2169
1941,Western Australia,34499.7898
1941,Nothern Territory,586.8259
1942,Queensland,2958.1387
1942,New South Wales,2402.4439
1942,Victoria,3156.5567
1942,Tasmania,570.7783
1942,South Australia,41.4563
1942,Western Australia,26378.398
1942,Nothern Territory,375.0038
1943,Queensland,1954.2618
1943,New South Wales,1983.5269
1943,Victoria,1757.4921
1943,Tasmania,536.3195
1943,South Australia,16.1409
1943,Western Australia,16995.3725
1943,Nothern Territory,121.6632
1944,Queensland,1593.0353
1944,New South Wales,1947.171
1944,Victoria,1682.0746
1944,Tasmania,517.9083
1944,South Australia,16.7629
1944,Western Australia,14500.8415
1944,Nothern Territory,170.7701
1945,Queensland,1966.2353
1945,New South Wales,1341.3119
1945,Victoria,1921.669
1945,Tasmania,405.855
1945,South Australia,8.6147
1945,Western Australia,14571.9361
1945,Nothern Territory,223.7023
1946,Queensland,1950.9963
1946,New South Wales,995.4799
1946,Victoria,2705.4823
1946,Tasmania,477.7582
1946,South Australia,19.5308
1946,Western Australia,19187.5804
1946,Nothern Territory,304.5001
1947,Queensland,2247.9391
1947,New South Wales,1557.5502
1947,Victoria,2634.4499
1947,Tasmania,468.0861
1947,South Australia,19.5619
1947,Western Australia,21890.8546
1947,Nothern Territory,342.5976
1948,Queensland,2165.9906
1948,New South Wales,1622.3004
1948,Victoria,2132.838
1948,Tasmania,401.3455
1948,South Australia,63.3196
1948,Western Australia,20681.0646
1948,Nothern Territory,472.409
1949,Queensland,2372.3702
1949,New South Wales,1610.7623
1949,Victoria,2128.0486
1949,Tasmania,377.9272
1949,South Australia,68.3578
1949,Western Australia,20166.0486
1949,Nothern Territory,926.1891
1950,Queensland,2744.5439
1950,New South Wales,1596.985
1950,Victoria,2109.3886
1950,Tasmania,484.4758
1950,South Australia,35.4851
1950,Western Australia,18981.3563
1950,Nothern Territory,1090.366
1951,Queensland,2443.838
1951,New South Wales,1521.101
1951,Victoria,2054.5593
1951,Tasmania,449.2706
1951,South Australia,11.2582
1951,Western Australia,20160.4195
1951,Nothern Territory,1211.1895
1952,Queensland,2667.0116
1952,New South Wales,1213.833
1952,Victoria,2076.7647
1952,Tasmania,499.8392
1952,South Australia,13.5907
1952,Western Australia,22624.2859
1952,Nothern Territory,1396.2034
1953,Queensland,2857.6857
1953,New South Wales,822.9371
1953,Victoria,1987.8187
1953,Tasmania,528.3268
1953,South Australia,13.7773
1953,Western Australia,25597.2282
1953,Nothern Territory,1630.3553
1954,Queensland,3046.2761
1954,New South Wales,975.7314
1954,Victoria,1637.8815
1954,Tasmania,602.3448
1954,South Australia,1.6794
1954,Western Australia,26807.9512
1954,Nothern Territory,1689.9118
1955,Queensland,2000.4142
1955,New South Wales,935.0837
1955,Victoria,1182.8885
1955,Tasmania,525.0302
1955,South Australia,1.555
1955,Western Australia,25947.5386
1955,Nothern Territory,2032.6027
1956,Queensland,1742.2842
1956,New South Wales,896.3331
1956,Victoria,1208.1106
1956,Tasmania,532.7741
1956,South Australia,1.3373
1956,Western Australia,25301.0007
1956,Nothern Territory,2345.5931
1957,Queensland,1970.5893
1957,New South Wales,965.4373
1957,Victoria,1422.8872
1957,Tasmania,622.8397
1957,South Australia,1.0885
1957,Western Australia,26427.2561
1957,Nothern Territory,2300.467
1958,Queensland,2319.0648
1958,New South Wales,581.8499
1958,Victoria,1289.9036
1958,Tasmania,676.2384
1958,South Australia,1.4928
1958,Western Australia,27206.8709
1958,Nothern Territory,2258.3576
1959,Queensland,2851.4657
1959,New South Wales,412.8525
1959,Victoria,1077.9882
1959,Tasmania,664.0783
1959,South Australia,0.4976
1959,Western Australia,26776.1359
1959,Nothern Territory,1963.7162
1960,Queensland,2434.1037
1960,New South Wales,423.8308
1960,Victoria,888.4026
1960,Tasmania,746.2134
1960,South Australia,1.1196
1960,Western Australia,27055.9426
1960,Nothern Territory,2247.0372
1961,Queensland,2014.8446
1961,New South Wales,374.2574
1961,Victoria,815.7219
1961,Tasmania,836.1235
1961,South Australia,1.7105
1961,Western Australia,27077.4638
1961,Nothern Territory,2352.5595
1962,Queensland,2106.3719
1962,New South Wales,349.3774
1962,Victoria,878.9482
1962,Tasmania,998.7765
1962,South Australia,1.4928
1962,Western Australia,26747.2129
1962,Nothern Territory,2158.651
1963,Queensland,2133.0246
1963,New South Wales,354.3845
1963,Victoria,767.1748
1963,Tasmania,1132.7242
1963,South Australia,0.4976
1963,Western Australia,24968.946
1963,Nothern Territory,2488.7153
1964,Queensland,3139.1407
1964,New South Wales,328.6959
1964,Victoria,661.9324
1964,Tasmania,1069.2491
1964,South Australia,0.5287
1964,Western Australia,22251.4591
1964,Nothern Territory,2524.2315
1965,Queensland,2393.5804
1965,New South Wales,299.804
1965,Victoria,598.5506
1965,Tasmania,1023.0967
1965,South Australia,0.0622
1965,Western Australia,20412.6405
1965,Nothern Territory,2566.9629
1966,Queensland,4329.1822
1966,New South Wales,282.3258
1966,Victoria,653.2555
1966,Tasmania,1135.2122
1966,South Australia,0.1555
1966,Western Australia,19501.3172
1966,Nothern Territory,2616.7851
1967,Queensland,2973.1911
1967,New South Wales,333.2676
1967,Victoria,341.9756
1967,Tasmania,1167.1208
1967,South Australia,0.0311
1967,Western Australia,17843.7805
1967,Nothern Territory,2386.5829
1968,Queensland,2579.4029
1968,New South Wales,269.5748
1968,Victoria,344.2459
1968,Tasmania,1135.4299
1968,South Australia,1.1818
1968,Western Australia,16046.0139
1968,Nothern Territory,3937.571
1969,Queensland,2237
1969,New South Wales,328.5404
1969,Victoria,266.1538
1969,Tasmania,1251.6506
1969,South Australia,12
1969,Western Australia,13720
1969,Nothern Territory,4016
1970,Queensland,2589
1970,New South Wales,325
1970,Victoria,253
1970,Tasmania,1335
1970,South Australia,16
1970,Western Australia,10898
1970,Nothern Territory,3865
1971,Queensland,2824
1971,New South Wales,305
1971,Victoria,122
1971,Tasmania,1793
1971,South Australia,17
1971,Western Australia,10734
1971,Nothern Territory,5124
1972,Queensland,2357
1972,New South Wales,310
1972,Victoria,10
1972,Tasmania,2021
1972,South Australia,78
1972,Western Australia,10471
1972,Nothern Territory,8032
1973,Queensland,1391
1973,New South Wales,297
1973,Victoria,100
1973,Tasmania,1511
1973,South Australia,70
1973,Western Australia,8587
1973,Nothern Territory,5218
1974,Queensland,1984
1974,New South Wales,282
1974,Victoria,126
1974,Tasmania,1585
1974,South Australia,67
1974,Western Australia,6584
1974,Nothern Territory,5316
1975,Queensland,1395
1975,New South Wales,389
1975,Victoria,216
1975,Tasmania,1669
1975,South Australia,64
1975,Western Australia,7105
1975,Nothern Territory,5548
1976,Queensland,1439
1976,New South Wales,502
1976,Victoria,61
1976,Tasmania,1495
1976,South Australia,42
1976,Western Australia,7479
1976,Nothern Territory,4619
1977,Queensland,1084
1977,New South Wales,430
1977,Victoria,11
1977,Tasmania,1891
1977,South Australia,3
1977,Western Australia,10747
1977,Nothern Territory,5251
1978,Queensland,607
1978,New South Wales,422
1978,Victoria,12
1978,Tasmania,1892
1978,South Australia,1
1978,Western Australia,13332
1978,Nothern Territory,3876
1979,Queensland,515
1979,New South Wales,471
1979,Victoria,23
1979,Tasmania,1747
1979,South Australia,6
1979,Western Australia,11582
1979,Nothern Territory,4221
1980,Queensland,675
1980,New South Wales,573
1980,Victoria,36
1980,Tasmania,1311
1980,South Australia,16
1980,Western Australia,11233
1980,Nothern Territory,3191
1981,Queensland,1510
1981,New South Wales,587
1981,Victoria,75
1981,Tasmania,1950
1981,South Australia,32
1981,Western Australia,11724
1981,Nothern Territory,2495
1982,Queensland,579
1982,New South Wales,610
1982,Victoria,100
1982,Tasmania,1737
1982,South Australia,10
1982,Western Australia,20603
1982,Nothern Territory,3322
1983,Queensland,1061
1983,New South Wales,673
1983,Victoria,113
1983,Tasmania,2077
1983,South Australia,5
1983,Western Australia,23919
1983,Nothern Territory,2744
1984,Queensland,1751
1984,New South Wales,1112
1984,Victoria,411
1984,Tasmania,1926
1984,South Australia,5
1984,Western Australia,32111
1984,Nothern Territory,2993
1985,Queensland,9276
1985,New South Wales,1536
1985,Victoria,962
1985,Tasmania,2334
1985,South Australia,2
1985,Western Australia,41196
1985,Nothern Territory,3215
1986,Queensland,11123
1986,New South Wales,961
1986,Victoria,1148
1986,Tasmania,2674
1986,South Australia,2
1986,Western Australia,53876
1986,Nothern Territory,5296
1987,Queensland,15495
1987,New South Wales,4201
1987,Victoria,1206
1987,Tasmania,2225
1987,South Australia,1
1987,Western Australia,78438
1987,Nothern Territory,9129
1988,Queensland,24780
1988,New South Wales,5630
1988,Victoria,1770
1988,Tasmania,2030
1988,South Australia,10
1988,Western Australia,110750
1988,Nothern Territory,11970
1989,Queensland,27720
1989,New South Wales,8750
1989,Victoria,1840
1989,Tasmania,1760
1989,South Australia,280
1989,Western Australia,146610
1989,Nothern Territory,17060
1990,Queensland,29728
1990,New South Wales,8052
1990,Victoria,3926
1990,Tasmania,1676
1990,South Australia,890
1990,Western Australia,180785
1990,Nothern Territory,19042
1991,Queensland,27061
1991,New South Wales,6332
1991,Victoria,3760
1991,Tasmania,1621
1991,South Australia,763
1991,Western Australia,179436
1991,Nothern Territory,17303
1992,Queensland,32608
1992,New South Wales,5650
1992,Victoria,3353
1992,Tasmania,1145
1992,South Australia,1053
1992,Western Australia,181287
1992,Nothern Territory,18640
1993,Queensland,27404.95788
1993,New South Wales,8111.81696
1993,Victoria,4363.72401
1993,Tasmania,1301.090829
1993,South Australia,1675.948459
1993,Western Australia,167363.4721
1993,Nothern Territory,17090.17673
1994,Queensland,29232.78615
1994,New South Wales,7601.84442
1994,Victoria,3819.817569
1994,Tasmania,1322.022035
1994,South Australia,1843.969424
1994,Western Australia,175673.4444
1994,Nothern Territory,17422.67286
1995,Queensland,27841.7766
1995,New South Wales,9743.6607
1995,Victoria,4301.33044
1995,Tasmania,622.411606
1995,South Australia,1716.414078
1995,Western Australia,173724.7185
1995,Nothern Territory,18447.93665
1996,Queensland,28201.56003
1996,New South Wales,11102.31264
1996,Victoria,4516.116071
1996,Tasmania,1634.771081
1996,South Australia,1810.799403
1996,Western Australia,208139.0758
1996,Nothern Territory,21325.03459
1997,Queensland,28829.36762
1997,New South Wales,11715.36704
1997,Victoria,4824.573404
1997,Tasmania,4147.5295
1997,South Australia,1641.628176
1997,Western Australia,228492.1378
1997,Nothern Territory,24331.56183
1998,Queensland,32326.29397
1998,New South Wales,14767.95525
1998,Victoria,4896.006605
1998,Tasmania,4178.980309
1998,South Australia,1743.925299
1998,Western Australia,221315.9673
1998,Nothern Territory,20390.92966
1999,Queensland,33647.59804
1999,New South Wales,21042.49911
1999,Victoria,4633.011222
1999,Tasmania,4950.298116
1999,South Australia,1773.329617
1999,Western Australia,201122.4524
1999,Nothern Territory,22296.49157
2000,Queensland,37099.07076
2000,New South Wales,18582.2262
2000,Victoria,4230.392189
2000,Tasmania,6679.511432
2000,South Australia,2948.377424
2000,Western Australia,198227.3943
2000,Nothern Territory,23146.51229
2001,Queensland,31890.2342
2001,New South Wales,17103.43593
2001,Victoria,3498.256841
2001,Tasmania,6181.112651
2001,South Australia,4313.340775
2001,Western Australia,196588.976
2001,Nothern Territory,20508.08535
2002,Queensland,25063.98081
2002,New South Wales,23483.15497
2002,Victoria,3243.390752
2002,Tasmania,6053.374326
2002,South Australia,3136.222566
2002,Western Australia,187204.1167
2002,Nothern Territory,18026.928
2003,Queensland,26240.2098
2003,New South Wales,27491.54569
2003,Victoria,3110.594709
2003,Tasmania,9315.088905
2003,South Australia,5327.000095
2003,Western Australia,186881.6305
2003,Nothern Territory,22846.91668
2004,Queensland,23164.59676
2004,New South Wales,29143.79218
2004,Victoria,3455.548001
2004,Tasmania,10597.96384
2004,South Australia,5116.405179
2004,Western Australia,164220.6312
2004,Nothern Territory,22271.32476
2005,Queensland,24618.24581
2005,New South Wales,28046.35296
2005,Victoria,5235.559752
2005,Tasmania,8336.264944
2005,South Australia,6242.572175
2005,Western Australia,173093.6167
2005,Nothern Territory,16545.70833
2006,Queensland,22502.32142
2006,New South Wales,27040.98523
2006,Victoria,6272.394063
2006,Tasmania,5096.518434
2006,South Australia,6746.413218
2006,Western Australia,165173.9983
2006,Nothern Territory,14026.35022
2007,Queensland,22912.32248
2007,New South Wales,34861.15317
2007,Victoria,6417.534451
2007,Tasmania,4190.472413
2007,South Australia,6922.363422
2007,Western Australia,155515.7491
2007,Nothern Territory,16535.52223
2008,Queensland,19145.80531
2008,New South Wales,31384.18233
2008,Victoria,6089.469141
2008,Tasmania,5061.499343
2008,South Australia,6713.840268
2008,Western Australia,132490.3152
2008,Nothern Territory,14301.19049
2009,Queensland,15650.77953
2009,New South Wales,25242.95701
2009,Victoria,7599.138434
2009,Tasmania,5009.991991
2009,South Australia,8900.134523
2009,Western Australia,152018.351
2009,Nothern Territory,9082.214256
2010,Queensland,15209.10088
2010,New South Wales,30286.04309
2010,Victoria,5679.027705
2010,Tasmania,2464.763652
2010,South Australia,13498.62756
2010,Western Australia,171396.9036
2010,Nothern Territory,10319.94588
2011,Queensland,16487.64706
2011,New South Wales,30164.98838
2011,Victoria,5406.561278
2011,Tasmania,2217.568797
2011,South Australia,14728.95656
2011,Western Australia,170990.6337
2011,Nothern Territory,9435.891853
2012,Queensland,15528.56465
2012,New South Wales,25816.94051
2012,Victoria,4065.970467
2012,Tasmania,2138.006112
2012,South Australia,12662.53509
2012,Western Australia,170595.8337
2012,Nothern Territory,9262.894334
2013,Queensland,16657.74515
2013,New South Wales,32024.61062
2013,Victoria,6222.187663
2013,Tasmania,2026.857849
2013,South Australia,12429.41455
2013,Western Australia,179000.8879
2013,Nothern Territory,12351.37594
2014,Queensland,16649.25391
2014,New South Wales,34632.72241
2014,Victoria,6572.941533
2014,Tasmania,1906.238579
2014,South Australia,12586.43587
2014,Western Australia,186359.5302
2014,Nothern Territory,13148.68238
2015,Queensland,18348.34335
2015,New South Wales,34429.74114
2015,Victoria,7013.646649
2015,Tasmania,1621.952832
2015,South Australia,11789.61611
2015,Western Australia,187693.6308
2015,Nothern Territory,16475.26107
2016,Queensland,18190.58653
2016,New South Wales,40221.79887
2016,Victoria,7974.992807
2016,Tasmania,1112.509039
2016,South Australia,9826.613687
2016,Western Australia,193347.2521
2016,Nothern Territory,16764.77221
2017,Queensland,20165.28386
2017,New South Wales,33762.38501
2017,Victoria,10376.21206
2017,Tasmania,1125.939519
2017,South Australia,8443.411118
2017,Western Australia,201147.7571
2017,Nothern Territory,13672.96253
2018,Queensland,17664.56459
2018,New South Wales,39511.02229
2018,Victoria,12989.93025
2018,Tasmania,1279.857857
2018,South Australia,9352.192406
2018,Western Australia,213475.3699
2018,Nothern Territory,15427.32285
2019,Queensland,14988.60835
2019,New South Wales,41326.1277
2019,Victoria,24006.37621
2019,Tasmania,1883.132586
2019,South Australia,8544.684028
2019,Western Australia,218339.7277
2019,Nothern Territory,15551.73674
2020,Queensland,13479.90327
2020,New South Wales,38071.67795
2020,Victoria,25871.68262
2020,Tasmania,3256.720294
2020,South Australia,11839.59939
2020,Western Australia,220010.5945
2020,Nothern Territory,15421.38208
2021,Queensland,13144.82555
2021,New South Wales,31928.18208
2021,Victoria,21880.65414
2021,Tasmania,694.0429072
2021,South Australia,12008.77118
2021,Western Australia,217647.2089
2021,Nothern Territory,14276.49433