Name,State,Longitude,Latitude,Commodities,Significance
Boddington,WA,116.3581,-32.7509,"Gold, Copper",2
Dry River South,QLD,144.689,-18.7904,"Zinc, Copper, Lead, Silver, Gold",4
Endeavor,NSW,145.6537957,-31.1629209,"Zinc, Lead, Silver, (Copper, Gold)",2
Agnew Project,WA,120.5081,-28.00071,Gold,3
Burbanks (Barra),WA,121.1375,-31.0279,Gold,5
Cadia Hill,NSW,148.9957,-33.4574,"Gold, Copper",2
Granny Smith Project,WA,122.423,-28.812,Gold,3
Butterfly,WA,121.3804,-29.198,Gold,5
Hill 50,WA,117.7972,-28.0336,Gold,3
Hillgrove Project,NSW,151.9009,-30.5745,"Gold, (Antimony, Tungsten, Tungsten trioxide (wolframite))",4
Tritton,NSW,146.7216,-31.3956,"Copper, (Gold, Silver, Cobalt)",3
Challenger,SA,133.5889,-29.8782,Gold,3
Angas,SA,138.9159169,-35.25106617,"Zinc, Lead, Gold, (Silver, Copper)",4
Mineral Hill,NSW,146.9871,-32.5755,"Gold, Copper, (Silver, Zinc, Lead)",4
Lady Annie,QLD,139.0440158,-19.77305269,"Copper, Gold",3
Marvel Loch,WA,119.4926,-31.4646,Gold,3
The Pinnacles,NSW,141.3286608,-32.04902254,"Lead, Zinc, Silver, Gold",6
Whim Creek,WA,117.8305834,-20.84373003,"Copper, Zinc, (Gold, Silver, Lead)",3
Mount Rawdon,QLD,151.7641,-25.2713,"Gold, (Silver)",3
Charters Towers,QLD,146.2666,-20.0757,"Gold, (Silver)",2
Comet Vale,WA,121.1310435,-29.95492795,Gold,6
Raleigh,WA,121.2432,-30.7276,Gold,4
Wiluna Project,WA,120.2521,-26.6318,Gold,4
Moonbeam,WA,121.2437521,-30.7187169,Gold,6
Golden Grove,WA,116.9848,-28.7629,"Copper, Zinc, Gold, (Silver, Lead)",3
Red October,WA,122.4141,-29.2166,Gold,4
Centenary,WA,121.2868,-27.8884,Gold,3
Ballarat-Last Chance,WA,121.5995,-30.5943,Gold,4
Cave Rocks,WA,121.5577,-31.2098,Gold,6
Jundee-Nimary,WA,120.6041,-26.3725,Gold,3
Kundana,WA,121.2311411,-30.71114297,Gold,6
Genesis,WA,120.497,-27.9784,Gold,6
OK Decline,WA,121.7849,-32.2186,Gold,6
Wallaby,WA,122.3055,-28.8518,Gold,6
Paulsens,WA,116.2426,-22.5794,Gold,4
Tuckabianna Group,WA,118.1168,-27.4867,Gold,4
Osborne,QLD,140.5736,-22.0939,"Copper, Gold",3
Kalgoorlie (Super Pit),WA,121.505,-30.7781,Gold,2
Eloise,QLD,140.9798944,-20.95485278,"Copper, Gold, (Silver)",3
Monakoff,QLD,140.6885,-20.625,"Copper, Gold, (Uranium, Cobalt, Silver)",4
Stawell Project,VIC,142.8002,-37.0589,Gold,3
Telfer,WA,122.2109,-21.7224,"Gold, (Copper)",2
Cowal,NSW,147.4067,-33.6369,Gold,3
New Cobar,NSW,145.8551,-31.5161,"Gold, Copper",4
New Occidental,NSW,145.864,-31.5403,"Gold, Copper",4
Northparkes,NSW,148.0498,-32.9135,"Copper, Gold, (Silver)",3
Cleo,WA,122.4198,-29.0773,Gold,6
Morning Star - Woods Point,VIC,146.2456,-37.5686,Gold,4
Fosterville Project,VIC,144.5036,-36.7163,Gold,3
Hornet,WA,121.264,-30.7497,Gold,4
St Ives Project,WA,121.7451,-31.3243,Gold,3
Kunanalling Project,WA,121.0584,-30.6648,Gold,4
Plutonic,WA,119.4437,-25.3171,Gold,3
Darlot Project,WA,121.2689,-27.8875,Gold,3
Olympic Dam,SA,136.889293,-30.43744351,"Copper, Uranium, Gold, (Silver)",1
Paddington,WA,121.3437,-30.485,Gold,3
Pajingo,QLD,146.4634,-20.548,"Gold, Silver",4
Gaffneys Creek,VIC,146.1997,-37.5051,Gold,5
Twin Hills (Texas Silver),QLD,151.2635,-28.8474,"Silver, (Gold)",6
Rosebery,TAS,145.5431,-41.7723,"Zinc, Lead, Gold, Silver, (Copper, Cadmium, Bismuth, Antimony)",3
Starra,QLD,140.4833135,-21.68032683,"Copper, Gold",3
Sons of Gwalia,WA,121.334,-28.9185,Gold,3
Frog's Leg,WA,121.2701,-30.7616,Gold,3
Enterprise - Ora Banda,WA,121.089,-30.3719,Gold,4
Mount Lyell Project,TAS,145.5855,-42.061,"Silver, Copper, Gold",3
Golden Eagle - Nullagine,WA,120.1205,-21.9671,Gold,4
Mount Wright,QLD,146.832,-20.0404,Gold,3
Kanmantoo,SA,139.0054,-35.0919,"Copper, (Gold, Silver)",3
Howley,NT,131.3455,-13.498,Gold,6
Scotia,TAS,147.9988,-40.9485,"Tin oxide/cassiterite, Tin, Gold, Zircon, (Rutile)",5
Plutonic East,WA,119.4464,-25.3067,Gold,4
Rising Tide,NT,131.4252,-13.4491,Gold,4
Princess Louise,NT,131.5437,-13.5142,Gold,5
Hawkins Hill,NSW,149.410538,-33.05003,Gold,5
Perseverance,NSW,145.8824,-31.5715,"Copper, Gold",4
Prominent Hill,SA,135.5749,-29.72004,"Copper, Gold, (Silver)",2
Mount Margaret,QLD,140.7829,-20.4424,"Copper, Gold, Uranium, (Uranium oxide)",3
Cockburn - Mt McClure,WA,120.9403,-27.4228,Gold,4
Maxwells,WA,122.1989,-31.0809,Gold,4
Cock -Eyed Bob,WA,122.1761,-31.0895,Gold,5
Cracow,QLD,150.277475,-25.290648,"Gold, (Silver)",4
Bronzewing Group,WA,121.0125,-27.3778,Gold,4
Chesney,NSW,145.8577972,-31.52121939,"Copper, Gold, Lead, Zinc, Silver",4
Sunrise Dam,WA,122.4245,-29.0775,Gold,3
Kanowna Belle,WA,121.5761,-30.6101,Gold,3
Henty,TAS,145.5574,-41.8664,"Gold, (Silver)",4
Ballarat (East) Gold Project,VIC,143.8597,-37.5897,Gold,3
Gossan Hill,WA,116.9626,-28.7772,"Lead, Zinc, Silver, Gold, Copper",6
White Dam - Olary,SA,140.5793,-32.0955,Gold,4
Catherwood,WA,121.0616,-30.6698,Gold,5
Wattle Dam,WA,121.494507,-31.380096,Gold,5
Moolart Well,WA,122.3479,-27.6112,Gold,3
Chalice,WA,121.5148,-31.8159,Gold,4
Rubicon - Kunanulling,WA,121.2602,-30.7436,Gold,4
Callie,NT,129.9249,-20.5266,Gold,6
Costerfield Mh Zone,VIC,144.801,-36.8936,"Gold, (Antimony)",4
Mount Cuthbert,QLD,139.9140173,-19.98802844,"Copper, Gold, Silver",4
Broken Hill,NSW,141.465,-31.9665,"Zinc, Lead, Silver, (Cadmium, Gold, Copper)",3
Hill End,NSW,149.4650307,-32.867835,Gold,6
Ernest Henry,QLD,140.7028102,-20.43982907,"Copper, Gold, (Magnetite, Iron ore, Iron)",2
Lawlers Project,WA,120.5357,-28.0789,Gold,3
NOA,WA,118.472,-27.02,Gold,4
Ridgeway,NSW,148.9759,-33.4353,"Gold, (Silver, Copper)",2
The Peak,NSW,145.8778,-31.5653,"Zinc, Lead, Gold, Copper",4
Trident -Higginsville,WA,121.7313,-31.725,Gold,4
Louis,WA,121.8973,-31.6683,Gold,4
Newminster,WA,120.9609,-30.6106,Gold,5
Wombola Pit,WA,121.8317,-30.9987,Gold,5
Duplex Hill South,WA,121.7855,-31.00528,Gold,5
Cadia East,NSW,149.0123,-33.465,"Copper, Gold, (Silver)",2
Gamma,WA,122.718,-28.723,Gold,6
Daisy Milano,WA,121.9224,-31.0133,Gold,4
Cairn Hill (IMX Resources),SA,135.1558,-29.2945,"Copper, (Gold, Iron, Iron ore)",4
Perseverance - Coolgardie,WA,121.1737,-30.9824,Gold,5
Homestead,WA,121.2283,-30.5421,Gold,4
Tropicana Project,WA,124.55,-29.26,Gold,3
Salt Creek - Randalls,WA,122.0203,-31.1076,Gold,4
Edna May - Westonia,WA,118.6998,-31.2912,Gold,6
Augusta,VIC,144.8024,-36.8987,"Gold, (Antimony)",6
Whirling Dervish,WA,122.3588,-30.1434,Gold,6
Green Gum,WA,121.233,-30.5312,Gold,6
Golden Flag,WA,121.2814,-30.5475,Gold,6
HBJ (Hampton-Boulder-Jubilee),WA,121.6031,-31.0276,Gold,6
DeGrussa,WA,119.328132,-25.540623,"Copper, Gold, (Silver)",6
Garden Well - Erlistoun,WA,122.356,-27.9064,Gold,6
Tanami - Newmont,NT,129.9336,-20.5256,Gold,6
Majestic,WA,121.9309,-30.8976,Gold,6
Big Blow - Coolgardie,WA,121.1725,-30.9736,Gold,6
Haoma,WA,121.9189,-31.0119,Gold,6
North Point,NT,131.5473,-13.5061,Gold,6
Hill 50 - Galaxy Pits,WA,117.7955,-28.0352,Gold,6
Maxwells - Inglewood,VIC,143.868,-36.552,Gold,6
Costerfield Project,VIC,144.8015,-36.8957,"Gold, (Antimony)",6
Peak Mines Project,NSW,145.869127,-31.553942,"Gold, Copper, (Silver)",6
Challenger - Mt McClure,WA,120.9695,-27.566,Gold,6
North Royal Open Pit,WA,121.8087,-32.1326,Gold,6
Henry V,WA,120.2436,-26.6199,Gold,6
Burgandy - Calais,WA,120.2421,-26.6235,Gold,6
Calais,WA,120.2431,-26.6217,Gold,6
East Lode,WA,120.2397,-26.6337,Gold,6
Central Laverton Project,WA,122.39,-28.67,Gold,6
Chatterbox Shear Project,WA,122.317,-28.659,Gold,6
Athena,WA,121.8049,-31.4006,Gold,6
Bellerophon,WA,121.7929,-31.304,Gold,6
Hamlet,WA,121.8122,-31.4001,Gold,6
South Kalgoorlie Operations,WA,121.6148,-31.0385,Gold,6
Waroonga,WA,120.5046,-27.0078,Gold,6
Darlot,WA,121.2689,-27.8875,Gold,6
Tropicana,WA,124.5539,-29.2461,Gold,6
Eclipse - Mount Magnet,WA,117.8054,-28.1131,Gold,6