Mine,State,Period,start_year,era,grade_Au,Mt_ore
SuperPit,WA,1989-2021#,1989,1971-2000,2.1243,352.7137
Boddington,WA,1988-2001,1988,1971-2000,1.4804,104.1503
Boddington,WA,2009-2021#,2009,2001-2021,0.7627,436.8722
Bronzewing,WA,1994-2013@,1994,1971-2000,3.5271,22.9712
Labouchere,WA,1989-1994,1989,1971-2000,2.4261,3.0252
Phillips Find trial mining,WA,2013-2015,2013,2001-2021,2.5161,0.1138
Coolgardie-Three Mile Hill,WA,1990-2013@,1990,1971-2000,2.2974,17.62
Jundee,WA,1995-2021#,1995,1971-2000,4.9576,53.3975
Wiluna,WA,"1988-2021@,#",1988,1971-2000,2.4342,42.8655
Sunrise Dam,WA,1997-2021#,1997,1971-2000,2.8449,81.9896
Mount Charlotte,WA,1988-2001,1988,1971-2000,2.9331,19.6689
Fimiston,WA,1988-1995,1988,1971-2000,3.3432,5.3972
Fimiston-Paringa,WA,1984-1990,1984,1971-2000,3.6492,4.7216
Andy Well,WA,2013-2016,2013,2001-2021,7.7645,1.3087
Deflector,WA,2016-2021#,2016,2001-2021,5.0464,3.2856
Mount Percy,WA,1988-1997,1988,1971-2000,1.4155,5.1022
Brightstar,WA,2010-2012,2010,2001-2021,1.7553,0.4113
Big Bell,WA,1988-2001,1988,1971-2000,2.2431,30.4065
South Kagloorlie,WA,2002-2021#,2002,2001-2021,2.2907,45.1691
Jubilee,WA,1988-2001,1988,1971-2000,2.0889,16.1396
Nullagine,WA,2012-2021@,2012,2001-2021,1.5038,13.8184
Gruyere,WA,"2019-2021@,#",2019,2001-2021,1.0371,19.825
Karonie,WA,1988-1993,1988,1971-2000,3.2977,1.7793
Golden Crown,WA,1991-1994,1991,1971-2000,12.9961,0.2686
White Foil,WA,2010-2011,2010,2001-2021,2.4759,0.2907
Granny Smith,WA,1990-2021#,1990,1971-2000,3.6594,92.9859
Paddington Group,WA,"1988-2021@,#",1988,1971-2000,2.0446,88.6729
Kundana,WA,"1990-2015@,#",1990,1971-2000,5.4398,8.1882
Sandstone,WA,1994-2010,1994,1971-2000,2.8672,7.3352
New Celebration,WA,1988-2002,1988,1971-2000,2.4361,20.1727
Comet Vale,WA,2006-2020@,2006,2001-2021,6.6637,0.2233
Ora Banda-Lady Bountiful-Great Lady,WA,1988-1998,1988,1971-2000,2.3529,26.5671
Telfer,WA,1977-2021#,1977,1971-2000,1.1443,496.0948
St Ives Group,WA,1980-2021#,1980,1971-2000,2.8462,158.55
Central Norseman,WA,1937-2014,1937,1911-1940,9.9935,18.0748
Lancefield,WA,1988-1995$,1988,1971-2000,4.3553,3.417
Coyote,WA,2006-2013,2006,2001-2021,4.8433,1.4805
Trouser Legs,WA,2013-2014,2013,2001-2021,2.4339,0.6727
Hill 50,WA,1988-1997$,1988,1971-2000,2.5547,16.6913
Agnew,WA,1988-2021#,1988,1971-2000,2.5547,37.1978
Kanowna Belle,WA,1990-2021#,1990,1971-2000,4.3883,53.929
Tower Hill,WA,1989-1992,1989,1971-2000,2.3685,1.1928
Mount York-Lynas Find,WA,1995-1998,1995,1971-2000,1.8431,2.072
Bannockburn,WA,1991-1998,1991,1971-2000,2.3498,4.7908
Fortitude-Red Dog,WA,2017-2018,2017,2001-2021,2.081,0.3477
Red October,WA,2019-2021#,2019,2001-2021,3.6545,0.1151
Mount Morgans,WA,"1989-2021@,#",1989,1971-2000,2.1932,20.4171
Meekatharra,WA,1989-1995,1989,1971-2000,1.9254,11.9204
Mount Fisher,WA,1988,1988,1971-2000,3.9,0.23
Plutonic,WA,1990-2021#,1990,1971-2000,3.0337,62.4769
Darlot,WA,1988-2021#,1988,1971-2000,4.5325,22.0513
Lawlers,WA,1986-2013,1986,1971-2000,4.0989,18.676
Bellevue,WA,1986-1997,1986,1971-2000,8.5102,2.3973
Mount Gibson,WA,1986-1998,1986,1971-2000,2.2825,10.6951
Peak Hill (WA),WA,1988-1999,1988,1971-2000,3.0492,6.3893
QED,WA,1989-1993,1989,1971-2000,2.915,0.8736
Widgiemooltha,WA,2018-2019,2018,2001-2021,1.9236,0.5828
Cork Tree Well,WA,1988-1994,1988,1971-2000,2.2671,3.8685
Laverton (Crescent Gold),WA,2007-2013,2007,2001-2021,1.4873,9.0424
Mertondale,WA,1986-1988,1986,1971-2000,3.5523,0.6523
Harbour Lights,WA,1985-1994,1985,1971-2000,2.6889,3.7588
Mount Ida,WA,2007-2008,2007,2001-2021,11.734,0.0082
Bardoc-Davyhurst,WA,"1984-2021@,#",1984,1971-2000,2.2422,12.9265
Sons of Gwalia,WA,"1897-2021@,#",1897,1881-1910,5.7254,39.6448
King of the Hills,WA,1985-2015@,1985,1971-2000,4.2357,2.48
Marvel Loch,WA,1981-2013,1981,1971-2000,2.5757,44.0698
Bullfinch,WA,1987-2001,1987,1971-2000,2.7896,9.1813
Great Victoria,WA,1988-1989,1988,1971-2000,1.7831,0.342
Yilgarn Star,WA,1991-2001,1991,1971-2000,4.6505,6.8075
Nevoria,WA,1987-1998,1987,1971-2000,2.6743,3.8593
Fortnum,WA,"1989-2021@,#",1989,1971-2000,2.7046,11.1828
Bamboo Creek (WA),WA,1986-2016@,1986,1971-2000,6.5101,0.848
Normay Tailings,WA,2001-2008@,2001,2001-2021,2.2255,0.0559
Binduli,WA,1989-2004,1989,1971-2000,2.37,5.9933
Bluebird,WA,1990-2004,1990,1971-2000,1.5653,30.3752
Cue,WA,2018-2021#,2018,2001-2021,2.0821,4.2393
Bounty,WA,1989-2000,1989,1971-2000,5.0694,7.5573
Mount McClure,WA,1992-1999,1992,1971-2000,3.1031,6.6997
North Shaw,WA,1989,1989,1971-2000,5.707,0.0229
Gidgee,WA,1992-1998,1992,1971-2000,3.6752,4.8648
Beta Hunt,WA,2016-2021#,2016,2001-2021,2.9699,3.518
Bullabulling,WA,1989-1998,1989,1971-2000,1.3514,6.5071
Central Murchison,WA,2015-2018,2015,2001-2021,2.1112,3.7087
Tuckabianna,WA,1989-2021#,1989,1971-2000,2.4357,12.5157
Goongarrie,WA,1987-1989,1987,1971-2000,2.3182,0.7182
Marymia,WA,1992-1999,1992,1971-2000,3.542,3.2149
Higginsville,WA,"1989-2021@,#",1989,1971-2000,3.1808,20.235
Golden Kilometre,WA,1987-1990,1987,1971-2000,3.7946,1.6201
Cannon,WA,2016-2017,2016,2001-2021,3.1603,0.3915
Chalice,WA,1995-2000,1995,1971-2000,4.7051,4.2253
Boorara,WA,2020-2021#,2020,2001-2021,1.4474,0.2783
Mount Martin,WA,1989-1999,1989,1971-2000,2.1883,1.1461
Tarmoola-Celtic,WA,1990-2004,1990,1971-2000,1.7619,28.6005
Butcher Well,WA,1993-1994,1993,1971-2000,2.9217,0.5632
Golden Feather,WA,1998-2001,1998,1971-2000,2.7948,3.0739
Gullewa,WA,1994-1996,1994,1971-2000,2.3252,0.3423
Hopes Hill,WA,1988-1994,1988,1971-2000,1.9727,8.8062
Jasper Queen,WA,1995,1995,1971-2000,5.03,0.1731
Bottle Creek,WA,1988-1990,1988,1971-2000,4.3931,1.0703
Nicholsons,WA,2015-2021#,2015,2001-2021,6.3183,1.2695
Kirkalocka,WA,2002-2008,2002,2001-2021,1.4419,7.2348
Dalgaranga,WA,"1996-2021@,#",1996,1971-2000,1.37,16.4265
Vivien,WA,2016-2017,2016,2001-2021,7.6125,0.3415
Day Dawn,WA,1990-1991,1990,1971-2000,2.6099,0.2041
Kathleen Valley,WA,2015-2016,2015,2001-2021,4.5284,0.468
Gabanintha,WA,1989-1991,1989,1971-2000,3.3887,0.8595
Burbanks,WA,2006-2016,2006,2001-2021,3.7905,0.6043
Carosue Dam,WA,"2000-2021@,#",2000,1971-2000,2.1274,37.5501
Kaltails,WA,1989-1998,1989,1971-2000,0.6914,57.0362
Thunderbox,WA,2016-2021#,2016,2001-2021,1.7259,16.0533
Jaurdi,WA,2019-2021#,2019,2001-2021,1.6875,1.3668
Barnicoat-Laverton,WA,1990-2005@,1990,1971-2000,1.8775,6.482
Frog's Leg,WA,2008-2010,2008,2001-2021,5.0473,1.5483
Grant's Patch,WA,1988-1997,1988,1971-2000,3.4166,0.8071
Paulsens,WA,2005-2017,2005,2001-2021,6.9042,4.5437
Mount Monger-Randalls Group,WA,1992-2021#,1992,1971-2000,3.609,19.0983
Horseshoe Lights (Au),WA,1984-1991,1984,1971-2000,6.6323,2.9204
Horseshoe Lights (CuAuAg),WA,1988-1994,1988,1971-2000,3.3243,1.9973
DeGrussa (Au only),WA,2012-2013,2012,2001-2021,3.7878,0.1084
DeGrussa (CuAu),WA,2012-2021#,2012,2001-2021,1.6868,14.3583
Youanmi,WA,1987-1998,1987,1971-2000,4.0125,5.6318
Evanston,WA,1998-2000,1998,1971-2000,2.2685,0.0947
Wattle Dam,WA,2006-2013,2006,2001-2021,9.5597,0.9295
Rothsay,WA,1989-1991,1989,1971-2000,5.2118,0.2114
Duketon-Northern Operations,WA,2010-2021#,2010,2001-2021,1.1146,32.5426
Reedy,WA,1984-1993,1984,1971-2000,3.0403,4.2877
Rosemont,WA,2010-2021@,2010,2001-2021,1.4735,6.8385
Edna May,WA,2010-2021#,2010,2001-2021,1.0741,30.4514
Jaguar-Bentley,WA,2007-2018#,2007,2001-2021,0.315,4.4135
Golden Grove,WA,1991-2021#,1991,1971-2000,0.935,38.8857
Montague,WA,1988-1993,1988,1971-2000,1.7902,0.8077
Raleigh,WA,2007-2013,2007,2001-2021,13.0599,1.9288
Garden Well,WA,2011-2021#,2011,2001-2021,1.2118,52.9854
Hampton,WA,1989-1990,1989,1971-2000,3.8093,0.0721
Tropicana,WA,2013-2021#,2013,2001-2021,2.0861,62.1221
Mount Magnet,WA,2012-2021#,2012,2001-2021,1.8836,16.8892
Challenger,SA,2002-2018,2002,2001-2021,5.1685,7.5075
Tarcoola,SA,2017-2018,2017,2001-2021,2.5287,0.2943
White Dam,SA,2010-2021#,2010,2001-2021,0.8423,7.4747
Beaconsfield,TAS,2000-2013,2000,1971-2000,11.7675,2.6451
Henty,TAS,1996-2020,1996,1971-2000,9.387,4.9838
Linton,VIC,1998-1999,1998,1971-2000,2.3125,0.0003
Prominent Hill,SA,2009-2021#,2009,2001-2021,0.6144,122.8163
Olympic Dam,SA,1988-2021#,1988,1971-2000,0.5517,225.9223
Kanmantoo (1970s),SA,1972-1976,1972,1971-2000,0.076,4.1113
Kanmantoo (2010s),SA,2011-2020,2011,2001-2021,0.1224,26.863
Burra (1970s),SA,1972-1983,1972,1971-2000,1.7459,1.6896
Carrapateena,SA,2020-2021#,2020,2001-2021,0.7126,7.5548
Angas,SA,2008-2013,2008,2001-2021,0.5209,1.9917
Parkes (London-Victoria),NSW,1988-1996,1988,1971-2000,1.5013,3.3259
Browns Creek,NSW,1987-1999@,1987,1971-2000,4.4114,3.2142
Hill End,NSW,2011,2011,2001-2021,11,0.035
Hera,NSW,2014-2021#,2014,2001-2021,3.9996,2.7904
Cadia (Cu/CuAu),NSW,1882-1949@,1882,1881-1910,0.409,0.1195
Cadia-Cadia Hill,NSW,1998-2017@,1998,1971-2000,0.7094,250.222
Cadia-Ridgeway,NSW,2000-2017,2000,1971-2000,1.6779,89.399
Cadia-Cadia East,NSW,2010-2021#,2010,2001-2021,1.1125,184.681
Mineral Hill (AuAg),NSW,1988-2016@,1988,1971-2000,5.2874,0.2927
Mineral Hill (CuAu),NSW,1988-2015@,1988,1971-2000,4.7798,2.9683
Northparkes (Au),NSW,1994-1995,1994,1971-2000,1.3343,1.5126
Northparkes (AuCu),NSW,1996-2021#,1996,1971-2000,0.4573,146.13
Dargues,NSW,2020-2021#,2020,2001-2021,3.4162,0.3541
Cowarra-Bredbo,NSW,1987-1989,1987,1971-2000,5.9897,0.0939
Peak Hill (NSW),NSW,1996-2004,1996,1971-2000,1.5305,4.5899
Peak,NSW,1992-2021#,1992,1971-2000,5.6489,18.9011
Cowal,NSW,2006-2021#,2006,2001-2021,1.2989,115.8055
May Day,NSW,1997,1997,1971-2000,3.35,0.081
Timbarra (HL),NSW,1999,1999,1971-2000,0.8043,1.202
Comet,NSW,1992,1992,1971-2000,5.6297,0.0482
Mount Boppy,NSW,"1988-2021@,#",1988,1971-2000,3.0419,0.557
Sheahan-Grants / Junction Reefs,NSW,1988-1995,1988,1971-2000,2.9182,3.2408
Temora-Gidginbung,NSW,1987-1997,1987,1971-2000,2.2457,7.362
Tomingley,NSW,2014-2021#,2014,2001-2021,2.0307,8.0477
McKinnons,NSW,1995-2000,1995,1971-2000,1.6701,2.6503
Lucky Draw,NSW,1989-1991,1989,1971-2000,4.179,1.4416
Drake-Mount Carrington,NSW,1988-1990,1988,1971-2000,2.0233,0.5142
Woodlawn,NSW,1978-2020@,1978,1971-2000,0.5371,14.3507
Woodlawn Tailings,NSW,1978-2020@,1978,1971-2000,0.24,2.774
Broken Hill Field,NSW,1885-2021#,1885,1881-1910,0.2156,235.4616
Rum Jungle (Cu),NT,1964-1971,1964,1941-1970,2.2345,1.4927
Heathcote-Hirds,VIC,1992-1995,1992,1971-2000,0.8902,1.3757
Fosterville,VIC,"1991-2021@,#",1991,1971-2000,6.7872,18.7787
Stawell,VIC,"1983-2021@,#",1983,1971-2000,3.6731,24.3044
New Bendigo,VIC,2006-2011,2006,2001-2021,5.7201,0.759
Maldon-Union Hill,VIC,"1988-2021@,#",1988,1971-2000,2.8553,2.4119
Maldon-Union Hill Tailings,VIC,2012-2013,2012,2001-2021,7.5673,0.0234
Ballarat,VIC,"2006-2021@,#",2006,2001-2021,5.4306,2.7096
Wattle Gully-Chewton,VIC,1983-1993@,1983,1971-2000,2.4271,0.0697
Sambas,VIC,1992,1992,1971-2000,1368,0.0007
A1,VIC,1983-2012@,1983,1971-2000,7.7694,0.0088
St Arnaud,VIC,1995,1995,1971-2000,1.3976,0.1477
Scarsdale Tailings,VIC,1988-1990,1988,1971-2000,1.6532,0.1019
West Bendigo-Eaglehawk Tailings,VIC,1988-1991,1988,1971-2000,1.1258,0.4617
Daylesford Tailings,VIC,1988-1989,1988,1971-2000,1.0082,0.1461
Buninyong Tailings,VIC,1990-1991,1990,1971-2000,0.9161,0.0624
Costerfield,VIC,"1995-2021@,#",1995,1971-2000,8.3836,1.6778
Nagambie (HL),VIC,1989-1997,1989,1971-2000,0.7913,7.5909
Bailieston (HL),VIC,1996-1999,1996,1971-2000,0.7034,1.0449
Tarnagulla,VIC,1992-2000@,1992,1971-2000,27.0949,0.0635
Inglewood,VIC,1993,1993,1971-2000,5,0.0026
Charters Towers,QLD,1997-2000@,1997,1971-2000,3.8841,1.0272
Cracow (1900s),QLD,1932-1976,1932,1911-1940,12.3697,1.5496
Cracow (2000s),QLD,2004-2021#,2004,2001-2021,6.4245,8.392
Kidston,QLD,1985-2001,1985,1971-2000,1.5122,86.426
Yandan,QLD,1995-1999,1995,1971-2000,1.252,12.2741
Twin Hills,QLD,2005,2005,2001-2021,28,0.0003
Mount Leyshon,QLD,1987-2002,1987,1971-2000,1.5675,68.3056
Pajingo,QLD,1986-2021#,1986,1971-2000,8.7297,13.1294
Ravenswood-Sarsfield,QLD,1986-2021#,1986,1971-2000,1.3247,80.4932
Warroo,QLD,1990-1992,1990,1971-2000,0.8302,0.212
Sandy Creek,QLD,1995-1996,1995,1971-2000,2.2555,0.3227
Tick Hill,QLD,1992-1995,1992,1971-2000,22.5972,0.7132
Red Dome (Au HL),QLD,1986-1989,1986,1971-2000,2.2931,3.9228
Red Dome (AuCu),QLD,1990-1997,1990,1971-2000,2.2227,8.903
Belyando,QLD,1989-1995,1989,1971-2000,1.4754,1.8915
Selwyn,QLD,1988-2002,1988,1971-2000,3.1,12.9
Croydon-Tabletop (HL),QLD,1985,1985,1971-2000,2.1014,0.1417
Croydon,QLD,1987-1990@,1987,1971-2000,2.4372,1.3308
Rishton,QLD,1989-2007@,1989,1971-2000,2.9053,3.5937
Gympie,QLD,1994-2008,1994,1971-2000,7.725,1.6087
Shamrock-Manumbah,QLD,1993-1999,1993,1971-2000,5.7306,0.3276
Wirralie,QLD,1988-2001@,1988,1971-2000,1.8695,8.8436
Quamby,QLD,1992,1992,1971-2000,1.5583,0.0756
Barrambah,QLD,1992-1993,1992,1971-2000,4.5448,0.0624
Georgetown,QLD,1994-1997,1994,1971-2000,2.8783,0.3471
Mount Hogan,QLD,1994-1996,1994,1971-2000,4.6181,0.5875
Ernest Henry,QLD,1997-2021#,1997,1971-2000,0.5205,215.8045
Mount Rawdon,QLD,2001-2021#,2001,2001-2021,0.9993,68.4408
Lady Annie (HL),QLD,2007-2015@,2007,2001-2021,0.9211,15.6792
Mount Morgan (Au),QLD,1884-1949@,1884,1881-1910,20.8538,5.0226
Mount Morgan (AuCu smelted),QLD,1904-1965@,1904,1881-1910,18.8598,2.8937
Mount Morgan (AuCu milled),QLD,1914-1982,1914,1911-1940,3.3443,44.1697
Mount Chalmers,QLD,1979-1982,1979,1971-2000,2.5827,0.8386
Many Peaks,QLD,1910-1928,1910,1881-1910,0.309,0.5379
Nobles Nob,NT,1948-1986,1948,1941-1970,16.1,2.14
Peko,NT,1948-1976,1948,1941-1970,3.5,3.16
Warrego,NT,1970-1990,1970,1941-1970,5.3466,5.5704
Juno,NT,1967-1977@,1967,1941-1970,57,0.45
White Devil,NT,1987-1999,1987,1971-2000,12.9275,2.1428
Orlando,NT,1962-1975,1962,1941-1970,17.2542,0.3259
Gecko,NT,1971-1999@,1971,1971-2000,1.3482,2.75
Ivanhoe,NT,1965-1971,1965,1941-1970,3.8858,0.3125
Pine Creek (mill),NT,1986-1995,1986,1971-2000,2.435,11.588
Pine Creek (HL),NT,1988-1993,1988,1971-2000,0.7645,1.5212
Mount Bonnie,NT,1983-1990,1983,1971-2000,4.1848,0.4763
Wandie alluvial,NT,1985-1986,1985,1971-2000,0.1956,0.1361
Howley alluvial,NT,1989,1989,1971-2000,0.1481,0.805
Fountainhead alluvial,NT,1986-1989@,1986,1971-2000,0.2187,0.83
Glencoe,NT,1989-1990,1989,1971-2000,2.168,0.0452
Cosmo Howley (mill),NT,1988-1995,1988,1971-2000,2.1886,10.2427
Cosmo Howley (HL),NT,1986-1989,1986,1971-2000,1.6509,1.4541
The Granites,NT,1986-2021#,1986,1971-2000,5.0778,72.8611
TC8,NT,1987-1990@,1987,1971-2000,16.2009,0.0935
Argo,NT,1986-1988,1986,1971-2000,8.3,0.3099
South Howley alluvial,NT,1987,1987,1971-2000,0.04,0.5
Union Reefs,NT,1989-2017@,1989,1971-2000,1.4694,20.6116
Rustlers Roost,NT,1994-1997,1994,1971-2000,1.0431,4.9124
Mount Todd,NT,1987-2000@,1987,1971-2000,1.0716,20.0909
Moline (Au),NT,1987-1992@,1987,1971-2000,2.2659,1.9298
Brocks Creek,NT,1996-2000,1996,1971-2000,1.5778,6.1294
Central Tanami,NT,1987-2001,1987,1971-2000,2.5324,15.2082
Groundrush,NT,2001-2005,2001,2001-2021,3.9337,4.9237
Twin Bonanza-Old Pirate,NT,2015-2016,2015,2001-2021,5.94,0.1493
Goodall,NT,1988-1992,1988,1971-2000,1.9646,4.0367
Sundance,NT,1993-1994,1993,1971-2000,6.578,0.0262
Tom's Gully-Quest 29,NT,1988-2008@,1988,1971-2000,4.2788,1.0669
Chariot,NT,2003-2005,2003,2001-2021,11.5948,0.3182
New Hope,NT,1986,1986,1971-2000,38.5,0.0011
White Range,NT,1990,1990,1971-2000,4.2,0.082
CSA,NSW,"1905-2021@,#",1905,1881-1910,0.001,42.4033
Horn Island,QLD,1988-1989,1988,1971-2000,1.41,0.7352
Mount Carlton-A39,QLD,2013-2014,2013,2001-2021,0.0027,0.5427
Mount Carlton-V2,QLD,2013-2021#,2013,2001-2021,4.4853,6.5789
Rocklands,QLD,2014-2018,2014,2001-2021,1.142,3.4962
Camel Creek,QLD,1989-1993,1989,1971-2000,1.7723,1.2486
Golden Cup,QLD,1989-1993,1989,1971-2000,2.539,0.2956
Big Rush,QLD,1989-1993,1989,1971-2000,1.9,0.95
Kanowna Belle-QED (HL),WA,1989-1993,1989,1971-2000,2.915,0.8736
Lucky Break,QLD,1989-1990,1989,1971-2000,2.3021,0.1747
Minnie Moxham-Northcote,QLD,1989-1992,1989,1971-2000,4.8655,0.1065
Captain's Flat (Lake George),NSW,1884-1962@,1884,1881-1910,1.5593,4.2371
Endeavour (Elura) (supergene),NSW,1986-1989,1986,1971-2000,9.3364,0.1156
Mount Lyell,TAS,1886-2014,1886,1881-1910,0.4056,155.1082
Que River,TAS,1978-1991,1978,1971-2000,3.6481,2.3451
Que River,TAS,2007-2010,2007,2001-2021,4.4782,0.1646
Hellyer,TAS,1986-2000,1986,1971-2000,2.1074,15.0628
Fossey,TAS,2011-2012,2011,2001-2021,1.8498,0.5421
Mount Garnet (Cu),QLD,1901-1903,1901,1881-1910,0.0219,0.0993
Mount Chalmers (smelter),QLD,1908-1914,1908,1881-1910,4.15,0.2445
O.K. (smelter),QLD,1902-1909,1902,1881-1910,0.0794,0.0797
Mount Cannindah-Mount Hector,QLD,1903-1969@,1903,1881-1910,2.5952,0.0201
Mount Perry,QLD,1888-1938@,1888,1881-1910,5.0926,0.1462
Clonclurry Field: Answer,QLD,1911-1981@,1911,1911-1940,0.7342,0.0089
Clonclurry Field: Crusader Group,QLD,1908-1967@,1908,1881-1910,0.0585,0.0055
Clonclurry Field: Duchess,QLD,1904-1957@,1904,1881-1910,0.9911,0.1822
Clonclurry Field: Great Australia,QLD,1906-1968@,1906,1881-1910,0.4231,0.0209
Clonclurry Field: Hampden-Kuridala / Consols,QLD,1900-1975@,1900,1881-1910,1.2079,0.3072
Clonclurry Field: Kalkadoon-Mount Kalkadoon,QLD,1904-1971@,1904,1881-1910,0.0474,0.034
Clonclurry Field: Lady Annie-Lady Anne,QLD,1937-1964@,1937,1911-1940,0.0035,0.0181
Clonclurry Field: Mammoth-Kabunga,QLD,1927-1979@,1927,1911-1940,0.016,0.0108
Clonclurry Field: Mighty Atom-South Atom,QLD,1901-1971@,1901,1881-1910,0.0452,0.0066
Clonclurry Field: Mount Cuthbert,QLD,1905-1945@,1905,1881-1910,0.052,0.0825
Clonclurry Field: Mount Elliott / Consols,QLD,1906-1939@,1906,1881-1910,4.3997,0.2676
Clonclurry Field: Mount Hope-Mount Hope North,QLD,1906-1974@,1906,1881-1910,0.009,0.0119
Clonclurry Field: Mount Oxide-Mount Oxide North,QLD,1905-1970@,1905,1881-1910,0.003,0.0945
Clonclurry Field: Dobbyn Group,QLD,1909-1956@,1909,1881-1910,0.3097,0.0138
Clonclurry Field: Orphan-Orphan Rock,QLD,1910-1975@,1910,1881-1910,0.1561,0.0261
Clonclurry Field: Referee-Referee Extended,QLD,1922-1975@,1922,1911-1940,0.0515,0.0082
Clonclurry Field: Rosebud-Rosebud No. 2,QLD,1910-1973@,1910,1881-1910,0.985,0.0227
Clonclurry Field: Salmon,QLD,1913-1953@,1913,1911-1940,1.0152,0.0058
Clonclurry Field: Surprise-Mount Surprise,QLD,1910-1979@,1910,1881-1910,0.743,0.006
Clonclurry Field: Trekelano-Trikilana,QLD,1906-1971@,1906,1881-1910,1.9156,0.1346
Clonclurry Field: Warwick Castle-Castle Bar,QLD,1917-1981@,1917,1911-1940,0.044,0.0073
Clonclurry Field: Wee MacGregor,QLD,1915-1981@,1915,1911-1940,0.9174,0.035
Clonclurry Field: Mines <5 kt ore,QLD,1898-1981@,1898,1881-1910,0.3268,0.2351
Einasleigh,QLD,1901-1931@,1901,1881-1910,0.5898,0.1379
Etheridge Field (CuAuAg),QLD,1901-1931@,1901,1881-1910,30.1098,0.0333
Etheridge-Dry Hash,QLD,1910-1939@,1910,1881-1910,17.2939,0.0054
Etheridge-Mosquito Creek,QLD,1909-1910,1909,1881-1910,0.3725,0.0008
Glassford Creek-Gladstone Miscellaneous,QLD,1903-1951@,1903,1881-1910,14.2589,0.0063
Mount Garnet (PbZnAgCuAu),QLD,2003-2020,2003,2001-2021,0.3973,5.4632
Thalanga (Cu),QLD,1998-2012,1998,1971-2000,0.4844,7.7061
Chillagoe Field (PbAg),QLD,1883-1939,1883,1881-1910,0.2302,0.6904
Chillagoe Field (CuAuAg),QLD,1889-1943,1889,1881-1910,6.5097,0.6755
Silver Spur,QLD,1892-1925@,1892,1881-1910,1.5616,0.0896
Great Cobar-Chesney,NSW,1871-1947@,1871,1851-1880,2.1666,4.2597
Chesney,NSW,1887-1920@,1887,1881-1910,8.1899,0.0186
Chesney (1940s),NSW,1937-1952@,1937,1911-1940,2.0222,0.2849
Yerranderie,NSW,1884-1953@,1884,1881-1910,0.1337,0.1337
Kangiara,NSW,1902-1921@,1902,1881-1910,2.8574,0.0358
Cangai,NSW,1901-1914@,1901,1881-1910,16.0206,0.0616
Kalgoorlie-East Coolgardie,WA,1893-1987,1893,1881-1910,10.6183,124.2884
Coolgardie,WA,1893-1987,1893,1881-1910,12.5758,4.4358
Kunanalling,WA,1893-1987,1893,1881-1910,16.7874,0.5695
Southern Cross,WA,1887-1987,1887,1881-1910,7.0308,12.2889
Dundas-Norseman,WA,1892-1987,1892,1881-1910,12.7923,2.5769
Lawlers-Great Eastern,WA,1896-1987,1896,1881-1910,12.1233,3.0515
Black Range,WA,1904-1987,1904,1881-1910,14.2869,2.1243
Wiluna,WA,1910-1987,1910,1881-1910,5.9568,9.4352
Mount Magnet,WA,1891-1987,1891,1881-1910,10.446,6.9071
Day Dawn,WA,1891-1987,1891,1881-1910,21.7708,2.1971
Cue,WA,1892-1987,1892,1881-1910,6.3315,6.9879
Meekatharra,WA,1891-1987,1891,1881-1910,7.6269,6.6513
Halls Creek,WA,1886-1987,1886,1881-1910,23.4002,0.0253
Marble Bar-Bamboo Creek (WA),WA,1891-1987,1891,1881-1910,2.6621,2.3912
Nullagine,WA,1887-1987,1887,1881-1910,23.1764,0.2388
West Pilbara,WA,1897-1987,1897,1881-1910,35.3323,0.0207
Ashburton,WA,1897-1987,1897,1881-1910,14.6905,0.0083
Gascoyne,WA,1897-1987,1897,1881-1910,36.8671,0.0057
Peak Hill,WA,1892-1987,1892,1881-1910,9.4747,1.0685
Yalgoo,WA,1892-1987,1892,1881-1910,18.1592,0.4746
Mount Malcolm,WA,1896-1987,1896,1881-1910,7.7066,2.9166
Mount Margaret,WA,1893-1987,1893,1881-1910,10.6539,4.5353
Mount Morgans,WA,1902-1987,1902,1881-1910,14.9822,1.0126
Menzies-North Coolgardie,WA,1894-1987,1894,1881-1910,21.967,2.1357
Menzies-Ularring,WA,1896-1987,1896,1881-1910,23.9194,0.6208
Niagara,WA,1895-1987,1895,1881-1910,18.3333,0.9635
Yerilla,WA,1895-1987,1895,1881-1910,8.2567,1.4058
Broad Arrow,WA,1893-1987,1893,1881-1910,5.7719,6.3017
Kanowna,WA,1893-1987,1893,1881-1910,18.5465,1.1622
Bulong,WA,1893-1987,1893,1881-1910,22.818,0.1972
Kurnalpi,WA,1895-1987,1895,1881-1910,12.5772,0.0564
Donnybrook,WA,1898-1903,1898,1881-1910,20.5472,0.0017
Phillips River,WA,1901-1987,1901,1881-1910,23.5715,0.1382
South-West,WA,1962-1986,1962,1941-1970,2.9126,0.245
State Generally,WA,1907-1987,1907,1881-1910,45.9434,0.0076
Ballarat,VIC,1851-1983,1851,1851-1880,10.2204,17.3446
Beechworth,VIC,1851-1983,1851,1851-1880,21.8664,4.3979
Sandhurst-Bendigo,VIC,1851-1983,1851,1851-1880,14.2829,23.8836
Maryborough,VIC,1851-1983,1851,1851-1880,16.3388,3.5725
Castlemaine,VIC,1851-1983,1851,1851-1880,15.6531,7.5019
Ararat-Stawell,VIC,1851-1983,1851,1851-1880,15.7184,3.0517
Gippsland,VIC,1851-1983,1851,1851-1880,28.4329,2.8182
Ballarat,VIC,1851-1891,1851,1851-1880,2.2308,3.0498
Beechworth,VIC,1851-1891,1851,1851-1880,1.6639,4.2092
Sandhurst-Bendigo,VIC,1851-1891,1851,1851-1880,2.5945,0.3494
Maryborough,VIC,1851-1891,1851,1851-1880,5.0151,3.1845
Castlemaine,VIC,1851-1891,1851,1851-1880,1.4276,6.6034
Ararat-Stawell,VIC,1851-1891,1851,1851-1880,6.6783,0.3441
Gippsland,VIC,1851-1891,1851,1851-1880,8.8766,0.003
Miscellaneous (whole state),VIC,1892-1898,1892,1881-1910,2.1579,9.3523
Dredging (whole state),VIC,1902-1958,1902,1881-1910,0.1276,423.4837
Charters Towers-Cape River,QLD,1872-1981@,1872,1851-1880,35.1837,6.1807
Gympie-Kilkivan,QLD,1876-1981@,1876,1851-1880,22.816,4.5254
Hodgkinson / Batavia River (1911-81),QLD,1876-1965@,1876,1851-1880,34.6588,0.2215
Ravenswood,QLD,1876-1972@,1876,1851-1880,32.4489,0.7694
Palmer,QLD,1876-1957@,1876,1851-1880,54.9944,0.0797
Etheridge-Woolgar,QLD,1876-1963@,1876,1851-1880,26.2179,0.7313
Clonclurry,QLD,1877-1942@,1877,1851-1880,26.6414,0.0136
Bowen-Normanby,QLD,1890-1981@,1890,1881-1910,35.4175,0.0617
Clermont-Peak Downs,QLD,1878-1954@,1878,1851-1880,23.8368,0.0251
Rockhampton-Port Curtis,QLD,1878-1951@,1878,1851-1880,47.7281,0.167
Gladstone,QLD,1877-1955@,1877,1851-1880,33.5852,0.1036
Hamilton,QLD,1900-1941@,1900,1881-1910,32.3788,0.0343
Miscellaneous Minor Fields,QLD,1878-1972@,1878,1851-1880,7.7297,0.1829
Mulgrave-Barron Rivers,QLD,1882-1921@,1882,1881-1910,38.3683,0.0023
Alice River,QLD,1900-1947@,1900,1881-1910,24.712,0.0028
Croydon,QLD,1887-1958@,1887,1881-1910,45.6109,0.7405
Gayndah-Bundaberg,QLD,1886-1952@,1886,1881-1910,20.8001,0.0285
Eidsvold,QLD,1887-1950@,1887,1881-1910,32.5508,0.1038
Russell-Russell Extended,QLD,1893-1943@,1893,1881-1910,64.8746,0.0022
Cooktown (Au),QLD,1892-1948@,1892,1881-1910,51.9124,0.0071
Mackay-Nebo,QLD,1882-1968@,1882,1881-1910,31.426,0.0195
Paradise,QLD,1891-1971@,1891,1881-1910,25.535,0.0253
Coen,QLD,1893-1961@,1893,1881-1910,36.2745,0.0643
Mareeba-Clohesy,QLD,1893-1970@,1893,1881-1910,22.3562,0.032
Horn Islands,QLD,1895-1941@,1895,1881-1910,11.3094,0.0345
Balcooma-Lucky Creek,QLD,1896-1938@,1896,1881-1910,38.9881,0.002
Jordan-Innisfail,QLD,1900-1980@,1900,1881-1910,8.288,0.0164
Chillagoe Smelters-Hodgkinson,QLD,1909-1948@,1909,1881-1910,22.9492,0.0637
Mount Perry,QLD,1904-1953@,1904,1881-1910,16.2713,0.0046
Herberton (Au),QLD,1902-1942@,1902,1881-1910,26.3248,0.0021
Mount Coolon,QLD,1920-1941@,1920,1911-1940,15.5101,0.2856
Hayes Creek,QLD,1911-1960@,1911,1911-1940,37.1599,0.0006
Tarcoola,SA,1901-1954@,1901,1881-1910,37.7544,0.0651
Mount Torrens,SA,1894-1954@,1894,1881-1910,20.1468,0.0241
Peterborough,SA,1897-1980@,1897,1881-1910,29.1165,0.0141
Kings Bluff,SA,1907-1910,1907,1881-1910,32.4068,0.0007
Glenloth,SA,1904-1953,1904,1881-1910,18.1219,0.0138
Mongolata,SA,1933-1950,1933,1911-1940,41.9656,0.0076
Kirkeeks Treasure,SA,1906-1916@,1906,1881-1910,10.3548,0.0017
Commonwealth-Wheal Ellen,SA,1909-1911,1909,1881-1910,6.3762,0.0019
Homeward Bound,SA,1907-1908,1907,1881-1910,15.5355,0.0006
Waukaringa-Ajax,SA,1909-1913@,1909,1881-1910,14.3289,0.003
Mount Grainger,SA,1911-1913,1911,1911-1940,5.7817,0.0015
Kitticoola-Reedy Creek,SA,1910-1918@,1910,1881-1910,8.4848,0.0051
Deloraine,SA,1912-1920,1912,1911-1940,19.6856,0.0296
Wadnaminga,SA,1913-1917,1913,1911-1940,14.4131,0.0035
Lux-Queen Bee,SA,1915,1915,1911-1940,11.4674,0.0001
Tasmania-Beaconsfield,TAS,"1877-1950,@",1877,1851-1880,24.7199,1.0861
Mathinna,TAS,1901-1942@,1901,1881-1910,19.274,0.4349
Mangana,TAS,1898-1941@,1898,1881-1910,9.6653,0.0039
Mount Cameron-Warrentinna,TAS,1896-1940@,1896,1881-1910,26.1839,0.0069
Lefroy,TAS,1908-1941@,1908,1881-1910,5.0286,0.0095
Lisle-Golconda,TAS,1913-1935@,1913,1911-1940,0.6956,0.0167
West Coast,TAS,1914-1939@,1914,1911-1940,9.9483,0.0014
Miscellaneous,NSW,1851-1883,1851,1851-1880,38.7616,0.9614
Bathurst,NSW,"1875-1959,@",1875,1851-1880,19.1619,1.1252
Tambaroora-Turon,NSW,"1875-1964,@",1875,1851-1880,26.1558,0.272
Mudgee,NSW,1875-1958@,1875,1851-1880,10.475,1.4635
Lachlan,NSW,1875-1959@,1875,1851-1880,23.1637,1.3481
Southern,NSW,1875-1958@,1875,1851-1880,16.5065,0.6124
Tumut-Adelong,NSW,1875-1962@,1875,1851-1880,24.0876,0.4206
Peel-Uralla,NSW,1875-1962@,1875,1851-1880,27.1398,0.8001
Clarence-Richmond,NSW,1875-1960@,1875,1851-1880,23.676,0.0987
Hunter-Macleay,NSW,1879-1954@,1879,1851-1880,37.5262,0.0591
New England,NSW,1884-1968@,1884,1881-1910,28.0428,0.0649
Albert,NSW,1883-1937@,1883,1881-1910,28.9781,0.0089
Cobar,NSW,1888-1958@,1888,1881-1910,10.8683,5.3081
Miscellaneous,NSW,1879,1879,1851-1880,7.4457,0.0002
Bathurst,NSW,1875-1959@,1875,1851-1880,2.959,0.6726
Tambaroora-Turon,NSW,1875-1964@,1875,1851-1880,0.2314,1.7104
Mudgee,NSW,1875-1958@,1875,1851-1880,2.4386,0.7636
Lachlan,NSW,1875-1959@,1875,1851-1880,7.473,0.4268
Southern,NSW,1875-1958@,1875,1851-1880,0.474,1.8186
Tumut-Adelong,NSW,1875-1962@,1875,1851-1880,0.4492,2.5993
Peel-Uralla,NSW,1875-1962@,1875,1851-1880,0.3726,1.4574
Clarence-Richmond,NSW,1875-1960@,1875,1851-1880,4.1458,0.0167
Hunter-Macleay,NSW,1879-1954@,1879,1851-1880,2.7583,0.0064
New England,NSW,1884-1968@,1884,1881-1910,0.8663,0.031
Albert,NSW,1883-1937@,1883,1881-1910,1.1391,0.2468
Cobar,NSW,1888-1958@,1888,1881-1910,173.7167,0.0011
Pine Creek,NT,1872-1970@,1872,1851-1880,28.1397,0.6679
Arltunga,NT,1890-1962@,1890,1881-1910,23.3152,0.0037
White Range,NT,1898-1984@,1898,1881-1910,42.9108,0.009
Winnecke,NT,1903-1906,1903,1881-1910,42.1771,0.0007
Tennant Creek,NT,1933-1955,1933,1911-1940,18.1987,0.3054
The Granites,NT,1948-1959@,1948,1941-1970,189.1957,0.0006